Analysis & Synthesis report for lab5
Mon Mar 23 12:13:41 2026
Quartus Prime Version 23.1std.0 Build 991 11/28/2023 SC Standard Edition


---------------------
; Table of Contents ;
---------------------
  1. Legal Notice
  2. Analysis & Synthesis Summary
  3. Analysis & Synthesis Settings
  4. Parallel Compilation
  5. Analysis & Synthesis Source Files Read
  6. Analysis & Synthesis Resource Usage Summary
  7. Analysis & Synthesis Resource Utilization by Entity
  8. Analysis & Synthesis RAM Summary
  9. Analysis & Synthesis IP Cores Summary
 10. General Register Statistics
 11. Source assignments for Top-level Entity: |datapath
 12. Source assignments for stepper_rom:the_stepper_rom|altsyncram:altsyncram_component|altsyncram_7jg1:auto_generated
 13. Source assignments for instruction_rom:the_instruction_rom|altsyncram:altsyncram_component|altsyncram_k4h1:auto_generated
 14. Parameter Settings for User Entity Instance: delay_counter:the_delay_counter
 15. Parameter Settings for User Entity Instance: stepper_rom:the_stepper_rom|altsyncram:altsyncram_component
 16. Parameter Settings for User Entity Instance: pc:the_pc
 17. Parameter Settings for User Entity Instance: instruction_rom:the_instruction_rom|altsyncram:altsyncram_component
 18. altsyncram Parameter Settings by Entity Instance
 19. Port Connectivity Checks: "immediate_extractor:the_immediate_extractor"
 20. Post-Synthesis Netlist Statistics for Top Partition
 21. Elapsed Time Per Partition
 22. Analysis & Synthesis Messages
 23. Analysis & Synthesis Suppressed Messages



----------------
; Legal Notice ;
----------------
Copyright (C) 2023  Intel Corporation. All rights reserved.
Your use of Intel Corporation's design tools, logic functions 
and other software and tools, and any partner logic 
functions, and any output files from any of the foregoing 
(including device programming or simulation files), and any 
associated documentation or information are expressly subject 
to the terms and conditions of the Intel Program License 
Subscription Agreement, the Intel Quartus Prime License Agreement,
the Intel FPGA IP License Agreement, or other applicable license
agreement, including, without limitation, that your use is for
the sole purpose of programming logic devices manufactured by
Intel and sold by Intel or its authorized distributors.  Please
refer to the applicable agreement for further details, at
https://fpgasoftware.intel.com/eula.



+--------------------------------------------------------------------------------------+
; Analysis & Synthesis Summary                                                         ;
+---------------------------------+----------------------------------------------------+
; Analysis & Synthesis Status     ; Successful - Mon Mar 23 12:13:41 2026              ;
; Quartus Prime Version           ; 23.1std.0 Build 991 11/28/2023 SC Standard Edition ;
; Revision Name                   ; lab5                                               ;
; Top-level Entity Name           ; datapath                                           ;
; Family                          ; Cyclone V                                          ;
; Logic utilization (in ALMs)     ; N/A                                                ;
; Total registers                 ; 0                                                  ;
; Total pins                      ; 43                                                 ;
; Total virtual pins              ; 0                                                  ;
; Total block memory bits         ; 20                                                 ;
; Total DSP Blocks                ; 0                                                  ;
; Total HSSI RX PCSs              ; 0                                                  ;
; Total HSSI PMA RX Deserializers ; 0                                                  ;
; Total HSSI TX PCSs              ; 0                                                  ;
; Total HSSI PMA TX Serializers   ; 0                                                  ;
; Total PLLs                      ; 0                                                  ;
; Total DLLs                      ; 0                                                  ;
+---------------------------------+----------------------------------------------------+


+---------------------------------------------------------------------------------------------------------------------------+
; Analysis & Synthesis Settings                                                                                             ;
+---------------------------------------------------------------------------------+--------------------+--------------------+
; Option                                                                          ; Setting            ; Default Value      ;
+---------------------------------------------------------------------------------+--------------------+--------------------+
; Device                                                                          ; 5CSEMA5F31C6       ;                    ;
; Top-level entity name                                                           ; datapath           ; lab5               ;
; Family name                                                                     ; Cyclone V          ; Cyclone V          ;
; Use smart compilation                                                           ; Off                ; Off                ;
; Enable parallel Assembler and Timing Analyzer during compilation                ; On                 ; On                 ;
; Enable compact report table                                                     ; Off                ; Off                ;
; Restructure Multiplexers                                                        ; Auto               ; Auto               ;
; MLAB Add Timing Constraints For Mixed-Port Feed-Through Mode Setting Don't Care ; Off                ; Off                ;
; Create Debugging Nodes for IP Cores                                             ; Off                ; Off                ;
; Preserve fewer node names                                                       ; On                 ; On                 ;
; Intel FPGA IP Evaluation Mode                                                   ; Enable             ; Enable             ;
; Verilog Version                                                                 ; Verilog_2001       ; Verilog_2001       ;
; VHDL Version                                                                    ; VHDL_1993          ; VHDL_1993          ;
; State Machine Processing                                                        ; Auto               ; Auto               ;
; Safe State Machine                                                              ; Off                ; Off                ;
; Extract Verilog State Machines                                                  ; On                 ; On                 ;
; Extract VHDL State Machines                                                     ; On                 ; On                 ;
; Ignore Verilog initial constructs                                               ; Off                ; Off                ;
; Iteration limit for constant Verilog loops                                      ; 5000               ; 5000               ;
; Iteration limit for non-constant Verilog loops                                  ; 250                ; 250                ;
; Add Pass-Through Logic to Inferred RAMs                                         ; On                 ; On                 ;
; Infer RAMs from Raw Logic                                                       ; On                 ; On                 ;
; Parallel Synthesis                                                              ; On                 ; On                 ;
; DSP Block Balancing                                                             ; Auto               ; Auto               ;
; NOT Gate Push-Back                                                              ; On                 ; On                 ;
; Power-Up Don't Care                                                             ; On                 ; On                 ;
; Remove Redundant Logic Cells                                                    ; Off                ; Off                ;
; Remove Duplicate Registers                                                      ; On                 ; On                 ;
; Ignore CARRY Buffers                                                            ; Off                ; Off                ;
; Ignore CASCADE Buffers                                                          ; Off                ; Off                ;
; Ignore GLOBAL Buffers                                                           ; Off                ; Off                ;
; Ignore ROW GLOBAL Buffers                                                       ; Off                ; Off                ;
; Ignore LCELL Buffers                                                            ; Off                ; Off                ;
; Ignore SOFT Buffers                                                             ; On                 ; On                 ;
; Limit AHDL Integers to 32 Bits                                                  ; Off                ; Off                ;
; Optimization Technique                                                          ; Balanced           ; Balanced           ;
; Carry Chain Length                                                              ; 70                 ; 70                 ;
; Auto Carry Chains                                                               ; On                 ; On                 ;
; Auto Open-Drain Pins                                                            ; On                 ; On                 ;
; Perform WYSIWYG Primitive Resynthesis                                           ; Off                ; Off                ;
; Auto ROM Replacement                                                            ; On                 ; On                 ;
; Auto RAM Replacement                                                            ; On                 ; On                 ;
; Auto DSP Block Replacement                                                      ; On                 ; On                 ;
; Auto Shift Register Replacement                                                 ; Auto               ; Auto               ;
; Allow Shift Register Merging across Hierarchies                                 ; Auto               ; Auto               ;
; Auto Clock Enable Replacement                                                   ; On                 ; On                 ;
; Strict RAM Replacement                                                          ; Off                ; Off                ;
; Allow Synchronous Control Signals                                               ; On                 ; On                 ;
; Force Use of Synchronous Clear Signals                                          ; Off                ; Off                ;
; Auto Resource Sharing                                                           ; Off                ; Off                ;
; Allow Any RAM Size For Recognition                                              ; Off                ; Off                ;
; Allow Any ROM Size For Recognition                                              ; Off                ; Off                ;
; Allow Any Shift Register Size For Recognition                                   ; Off                ; Off                ;
; Use LogicLock Constraints during Resource Balancing                             ; On                 ; On                 ;
; Ignore translate_off and synthesis_off directives                               ; Off                ; Off                ;
; Timing-Driven Synthesis                                                         ; On                 ; On                 ;
; Report Parameter Settings                                                       ; On                 ; On                 ;
; Report Source Assignments                                                       ; On                 ; On                 ;
; Report Connectivity Checks                                                      ; On                 ; On                 ;
; Ignore Maximum Fan-Out Assignments                                              ; Off                ; Off                ;
; Synchronization Register Chain Length                                           ; 3                  ; 3                  ;
; Power Optimization During Synthesis                                             ; Normal compilation ; Normal compilation ;
; HDL message level                                                               ; Level2             ; Level2             ;
; Suppress Register Optimization Related Messages                                 ; Off                ; Off                ;
; Number of Removed Registers Reported in Synthesis Report                        ; 5000               ; 5000               ;
; Number of Swept Nodes Reported in Synthesis Report                              ; 5000               ; 5000               ;
; Number of Inverted Registers Reported in Synthesis Report                       ; 100                ; 100                ;
; Clock MUX Protection                                                            ; On                 ; On                 ;
; Auto Gated Clock Conversion                                                     ; Off                ; Off                ;
; Block Design Naming                                                             ; Auto               ; Auto               ;
; SDC constraint protection                                                       ; Off                ; Off                ;
; Synthesis Effort                                                                ; Auto               ; Auto               ;
; Shift Register Replacement - Allow Asynchronous Clear Signal                    ; On                 ; On                 ;
; Pre-Mapping Resynthesis Optimization                                            ; Off                ; Off                ;
; Analysis & Synthesis Message Level                                              ; Medium             ; Medium             ;
; Disable Register Merging Across Hierarchies                                     ; Auto               ; Auto               ;
; Resource Aware Inference For Block RAM                                          ; On                 ; On                 ;
; Automatic Parallel Synthesis                                                    ; On                 ; On                 ;
; Partial Reconfiguration Bitstream ID                                            ; Off                ; Off                ;
+---------------------------------------------------------------------------------+--------------------+--------------------+


+------------------------------------------+
; Parallel Compilation                     ;
+----------------------------+-------------+
; Processors                 ; Number      ;
+----------------------------+-------------+
; Number detected on machine ; 20          ;
; Maximum allowed            ; 14          ;
;                            ;             ;
; Average used               ; 1.00        ;
; Maximum used               ; 1           ;
;                            ;             ;
; Usage by Processor         ; % Time Used ;
;     Processor 1            ; 100.0%      ;
+----------------------------+-------------+


+--------------------------------------------------------------------------------------------------------------------------------------------------------------------------------------+
; Analysis & Synthesis Source Files Read                                                                                                                                               ;
+----------------------------------+-----------------+----------------------------------+------------------------------------------------------------------------------------+---------+
; File Name with User-Entered Path ; Used in Netlist ; File Type                        ; File Name with Absolute Path                                                       ; Library ;
+----------------------------------+-----------------+----------------------------------+------------------------------------------------------------------------------------+---------+
; instruction_rom.mif              ; yes             ; User Memory Initialization File  ; C:/Users/sirep/OneDrive/Desktop/2026/3tb4/lab/Lab/3tb4/lab5/instruction_rom.mif    ;         ;
; instruction_rom.v                ; yes             ; User Wizard-Generated File       ; C:/Users/sirep/OneDrive/Desktop/2026/3tb4/lab/Lab/3tb4/lab5/instruction_rom.v      ;         ;
; write_address_select.v           ; yes             ; User Verilog HDL File            ; C:/Users/sirep/OneDrive/Desktop/2026/3tb4/lab/Lab/3tb4/lab5/write_address_select.v ;         ;
; temp_register.v                  ; yes             ; User Verilog HDL File            ; C:/Users/sirep/OneDrive/Desktop/2026/3tb4/lab/Lab/3tb4/lab5/temp_register.v        ;         ;
; result_mux.v                     ; yes             ; User Verilog HDL File            ; C:/Users/sirep/OneDrive/Desktop/2026/3tb4/lab/Lab/3tb4/lab5/result_mux.v           ;         ;
; regfile.v                        ; yes             ; User Verilog HDL File            ; C:/Users/sirep/OneDrive/Desktop/2026/3tb4/lab/Lab/3tb4/lab5/regfile.v              ;         ;
; pc.v                             ; yes             ; User Verilog HDL File            ; C:/Users/sirep/OneDrive/Desktop/2026/3tb4/lab/Lab/3tb4/lab5/pc.v                   ;         ;
; op2_mux.v                        ; yes             ; User Verilog HDL File            ; C:/Users/sirep/OneDrive/Desktop/2026/3tb4/lab/Lab/3tb4/lab5/op2_mux.v              ;         ;
; op1_mux.v                        ; yes             ; User Verilog HDL File            ; C:/Users/sirep/OneDrive/Desktop/2026/3tb4/lab/Lab/3tb4/lab5/op1_mux.v              ;         ;
; immediate_extractor.v            ; yes             ; User Verilog HDL File            ; C:/Users/sirep/OneDrive/Desktop/2026/3tb4/lab/Lab/3tb4/lab5/immediate_extractor.v  ;         ;
; delay_counter.v                  ; yes             ; User Verilog HDL File            ; C:/Users/sirep/OneDrive/Desktop/2026/3tb4/lab/Lab/3tb4/lab5/delay_counter.v        ;         ;
; decoder.v                        ; yes             ; User Verilog HDL File            ; C:/Users/sirep/OneDrive/Desktop/2026/3tb4/lab/Lab/3tb4/lab5/decoder.v              ;         ;
; datapath.v                       ; yes             ; User Verilog HDL File            ; C:/Users/sirep/OneDrive/Desktop/2026/3tb4/lab/Lab/3tb4/lab5/datapath.v             ;         ;
; branch_logic.v                   ; yes             ; User Verilog HDL File            ; C:/Users/sirep/OneDrive/Desktop/2026/3tb4/lab/Lab/3tb4/lab5/branch_logic.v         ;         ;
; alu.v                            ; yes             ; User Verilog HDL File            ; C:/Users/sirep/OneDrive/Desktop/2026/3tb4/lab/Lab/3tb4/lab5/alu.v                  ;         ;
; stepper_rom.mif                  ; yes             ; User Memory Initialization File  ; C:/Users/sirep/OneDrive/Desktop/2026/3tb4/lab/Lab/3tb4/lab5/stepper_rom.mif        ;         ;
; stepper_rom.v                    ; yes             ; User Wizard-Generated File       ; C:/Users/sirep/OneDrive/Desktop/2026/3tb4/lab/Lab/3tb4/lab5/stepper_rom.v          ;         ;
; altsyncram.tdf                   ; yes             ; Megafunction                     ; c:/intelfpga/23.1std/quartus/libraries/megafunctions/altsyncram.tdf                ;         ;
; stratix_ram_block.inc            ; yes             ; Megafunction                     ; c:/intelfpga/23.1std/quartus/libraries/megafunctions/stratix_ram_block.inc         ;         ;
; lpm_mux.inc                      ; yes             ; Megafunction                     ; c:/intelfpga/23.1std/quartus/libraries/megafunctions/lpm_mux.inc                   ;         ;
; lpm_decode.inc                   ; yes             ; Megafunction                     ; c:/intelfpga/23.1std/quartus/libraries/megafunctions/lpm_decode.inc                ;         ;
; aglobal231.inc                   ; yes             ; Megafunction                     ; c:/intelfpga/23.1std/quartus/libraries/megafunctions/aglobal231.inc                ;         ;
; a_rdenreg.inc                    ; yes             ; Megafunction                     ; c:/intelfpga/23.1std/quartus/libraries/megafunctions/a_rdenreg.inc                 ;         ;
; altrom.inc                       ; yes             ; Megafunction                     ; c:/intelfpga/23.1std/quartus/libraries/megafunctions/altrom.inc                    ;         ;
; altram.inc                       ; yes             ; Megafunction                     ; c:/intelfpga/23.1std/quartus/libraries/megafunctions/altram.inc                    ;         ;
; altdpram.inc                     ; yes             ; Megafunction                     ; c:/intelfpga/23.1std/quartus/libraries/megafunctions/altdpram.inc                  ;         ;
; db/altsyncram_7jg1.tdf           ; yes             ; Auto-Generated Megafunction      ; C:/Users/sirep/OneDrive/Desktop/2026/3tb4/lab/Lab/3tb4/lab5/db/altsyncram_7jg1.tdf ;         ;
; db/altsyncram_k4h1.tdf           ; yes             ; Auto-Generated Megafunction      ; C:/Users/sirep/OneDrive/Desktop/2026/3tb4/lab/Lab/3tb4/lab5/db/altsyncram_k4h1.tdf ;         ;
+----------------------------------+-----------------+----------------------------------+------------------------------------------------------------------------------------+---------+


+---------------------------------------------------------+
; Analysis & Synthesis Resource Usage Summary             ;
+---------------------------------------------+-----------+
; Resource                                    ; Usage     ;
+---------------------------------------------+-----------+
; Estimate of Logic utilization (ALMs needed) ; 6         ;
;                                             ;           ;
; Combinational ALUT usage for logic          ; 10        ;
;     -- 7 input functions                    ; 0         ;
;     -- 6 input functions                    ; 1         ;
;     -- 5 input functions                    ; 0         ;
;     -- 4 input functions                    ; 0         ;
;     -- <=3 input functions                  ; 9         ;
;                                             ;           ;
; Dedicated logic registers                   ; 0         ;
;                                             ;           ;
; I/O pins                                    ; 43        ;
; Total MLAB memory bits                      ; 0         ;
; Total block memory bits                     ; 20        ;
;                                             ;           ;
; Total DSP Blocks                            ; 0         ;
;                                             ;           ;
; Maximum fan-out node                        ; clk~input ;
; Maximum fan-out                             ; 10        ;
; Total fan-out                               ; 84        ;
; Average fan-out                             ; 0.79      ;
+---------------------------------------------+-----------+


+----------------------------------------------------------------------------------------------------------------------------------------------------------------------------------------------------------------------------------------------------------------------------------------------------+
; Analysis & Synthesis Resource Utilization by Entity                                                                                                                                                                                                                                                ;
+-------------------------------------------+---------------------+---------------------------+-------------------+------------+------+--------------+--------------------------------------------------------------------------------------------------------------+-----------------+--------------+
; Compilation Hierarchy Node                ; Combinational ALUTs ; Dedicated Logic Registers ; Block Memory Bits ; DSP Blocks ; Pins ; Virtual Pins ; Full Hierarchy Name                                                                                          ; Entity Name     ; Library Name ;
+-------------------------------------------+---------------------+---------------------------+-------------------+------------+------+--------------+--------------------------------------------------------------------------------------------------------------+-----------------+--------------+
; |datapath                                 ; 10 (8)              ; 0 (0)                     ; 20                ; 0          ; 43   ; 0            ; |datapath                                                                                                    ; datapath        ; work         ;
;    |decoder:the_decoder|                  ; 2 (2)               ; 0 (0)                     ; 0                 ; 0          ; 0    ; 0            ; |datapath|decoder:the_decoder                                                                                ; decoder         ; work         ;
;    |instruction_rom:the_instruction_rom|  ; 0 (0)               ; 0 (0)                     ; 12                ; 0          ; 0    ; 0            ; |datapath|instruction_rom:the_instruction_rom                                                                ; instruction_rom ; work         ;
;       |altsyncram:altsyncram_component|   ; 0 (0)               ; 0 (0)                     ; 12                ; 0          ; 0    ; 0            ; |datapath|instruction_rom:the_instruction_rom|altsyncram:altsyncram_component                                ; altsyncram      ; work         ;
;          |altsyncram_k4h1:auto_generated| ; 0 (0)               ; 0 (0)                     ; 12                ; 0          ; 0    ; 0            ; |datapath|instruction_rom:the_instruction_rom|altsyncram:altsyncram_component|altsyncram_k4h1:auto_generated ; altsyncram_k4h1 ; work         ;
;    |stepper_rom:the_stepper_rom|          ; 0 (0)               ; 0 (0)                     ; 8                 ; 0          ; 0    ; 0            ; |datapath|stepper_rom:the_stepper_rom                                                                        ; stepper_rom     ; work         ;
;       |altsyncram:altsyncram_component|   ; 0 (0)               ; 0 (0)                     ; 8                 ; 0          ; 0    ; 0            ; |datapath|stepper_rom:the_stepper_rom|altsyncram:altsyncram_component                                        ; altsyncram      ; work         ;
;          |altsyncram_7jg1:auto_generated| ; 0 (0)               ; 0 (0)                     ; 8                 ; 0          ; 0    ; 0            ; |datapath|stepper_rom:the_stepper_rom|altsyncram:altsyncram_component|altsyncram_7jg1:auto_generated         ; altsyncram_7jg1 ; work         ;
+-------------------------------------------+---------------------+---------------------------+-------------------+------------+------+--------------+--------------------------------------------------------------------------------------------------------------+-----------------+--------------+
Note: For table entries with two numbers listed, the numbers in parentheses indicate the number of resources of the given type used by the specific entity alone. The numbers listed outside of parentheses indicate the total resources of the given type used by the specific entity and all of its sub-entities in the hierarchy.


+----------------------------------------------------------------------------------------------------------------------------------------------------------------------------------------------------------------------+
; Analysis & Synthesis RAM Summary                                                                                                                                                                                     ;
+---------------------------------------------------------------------------------------------------------------+------+------+--------------+--------------+--------------+--------------+------+---------------------+
; Name                                                                                                          ; Type ; Mode ; Port A Depth ; Port A Width ; Port B Depth ; Port B Width ; Size ; MIF                 ;
+---------------------------------------------------------------------------------------------------------------+------+------+--------------+--------------+--------------+--------------+------+---------------------+
; instruction_rom:the_instruction_rom|altsyncram:altsyncram_component|altsyncram_k4h1:auto_generated|ALTSYNCRAM ; AUTO ; ROM  ; 256          ; 8            ; --           ; --           ; 2048 ; instruction_rom.mif ;
; stepper_rom:the_stepper_rom|altsyncram:altsyncram_component|altsyncram_7jg1:auto_generated|ALTSYNCRAM         ; AUTO ; ROM  ; 8            ; 4            ; --           ; --           ; 32   ; stepper_rom.mif     ;
+---------------------------------------------------------------------------------------------------------------+------+------+--------------+--------------+--------------+--------------+------+---------------------+


+-------------------------------------------------------------------------------------------------------------------------+
; Analysis & Synthesis IP Cores Summary                                                                                   ;
+--------+--------------+---------+--------------+--------------+---------------------------------------+-----------------+
; Vendor ; IP Core Name ; Version ; Release Date ; License Type ; Entity Instance                       ; IP Include File ;
+--------+--------------+---------+--------------+--------------+---------------------------------------+-----------------+
; Altera ; ROM: 1-PORT  ; 23.1    ; N/A          ; N/A          ; |datapath|stepper_rom:the_stepper_rom ; stepper_rom.v   ;
+--------+--------------+---------+--------------+--------------+---------------------------------------+-----------------+


+------------------------------------------------------+
; General Register Statistics                          ;
+----------------------------------------------+-------+
; Statistic                                    ; Value ;
+----------------------------------------------+-------+
; Total registers                              ; 0     ;
; Number of registers using Synchronous Clear  ; 0     ;
; Number of registers using Synchronous Load   ; 0     ;
; Number of registers using Asynchronous Clear ; 0     ;
; Number of registers using Asynchronous Load  ; 0     ;
; Number of registers using Clock Enable       ; 0     ;
; Number of registers using Preset             ; 0     ;
+----------------------------------------------+-------+


+----------------------------------------------------------------------+
; Source assignments for Top-level Entity: |datapath                   ;
+------------------------------+-------+------+------------------------+
; Assignment                   ; Value ; From ; To                     ;
+------------------------------+-------+------+------------------------+
; IGNORE_LCELL_BUFFERS         ; off   ; -    ; w_position[7]          ;
; REMOVE_REDUNDANT_LOGIC_CELLS ; off   ; -    ; w_position[7]          ;
; IGNORE_LCELL_BUFFERS         ; off   ; -    ; w_position[6]          ;
; REMOVE_REDUNDANT_LOGIC_CELLS ; off   ; -    ; w_position[6]          ;
; IGNORE_LCELL_BUFFERS         ; off   ; -    ; w_position[5]          ;
; REMOVE_REDUNDANT_LOGIC_CELLS ; off   ; -    ; w_position[5]          ;
; IGNORE_LCELL_BUFFERS         ; off   ; -    ; w_position[4]          ;
; REMOVE_REDUNDANT_LOGIC_CELLS ; off   ; -    ; w_position[4]          ;
; IGNORE_LCELL_BUFFERS         ; off   ; -    ; w_position[3]          ;
; REMOVE_REDUNDANT_LOGIC_CELLS ; off   ; -    ; w_position[3]          ;
; IGNORE_LCELL_BUFFERS         ; off   ; -    ; w_position[2]          ;
; REMOVE_REDUNDANT_LOGIC_CELLS ; off   ; -    ; w_position[2]          ;
; IGNORE_LCELL_BUFFERS         ; off   ; -    ; w_position[1]          ;
; REMOVE_REDUNDANT_LOGIC_CELLS ; off   ; -    ; w_position[1]          ;
; IGNORE_LCELL_BUFFERS         ; off   ; -    ; w_position[0]          ;
; REMOVE_REDUNDANT_LOGIC_CELLS ; off   ; -    ; w_position[0]          ;
; IGNORE_LCELL_BUFFERS         ; off   ; -    ; w_delay[7]             ;
; REMOVE_REDUNDANT_LOGIC_CELLS ; off   ; -    ; w_delay[7]             ;
; IGNORE_LCELL_BUFFERS         ; off   ; -    ; w_delay[6]             ;
; REMOVE_REDUNDANT_LOGIC_CELLS ; off   ; -    ; w_delay[6]             ;
; IGNORE_LCELL_BUFFERS         ; off   ; -    ; w_delay[5]             ;
; REMOVE_REDUNDANT_LOGIC_CELLS ; off   ; -    ; w_delay[5]             ;
; IGNORE_LCELL_BUFFERS         ; off   ; -    ; w_delay[4]             ;
; REMOVE_REDUNDANT_LOGIC_CELLS ; off   ; -    ; w_delay[4]             ;
; IGNORE_LCELL_BUFFERS         ; off   ; -    ; w_delay[3]             ;
; REMOVE_REDUNDANT_LOGIC_CELLS ; off   ; -    ; w_delay[3]             ;
; IGNORE_LCELL_BUFFERS         ; off   ; -    ; w_delay[2]             ;
; REMOVE_REDUNDANT_LOGIC_CELLS ; off   ; -    ; w_delay[2]             ;
; IGNORE_LCELL_BUFFERS         ; off   ; -    ; w_delay[1]             ;
; REMOVE_REDUNDANT_LOGIC_CELLS ; off   ; -    ; w_delay[1]             ;
; IGNORE_LCELL_BUFFERS         ; off   ; -    ; w_delay[0]             ;
; REMOVE_REDUNDANT_LOGIC_CELLS ; off   ; -    ; w_delay[0]             ;
; IGNORE_LCELL_BUFFERS         ; off   ; -    ; w_register0[7]         ;
; REMOVE_REDUNDANT_LOGIC_CELLS ; off   ; -    ; w_register0[7]         ;
; IGNORE_LCELL_BUFFERS         ; off   ; -    ; w_register0[6]         ;
; REMOVE_REDUNDANT_LOGIC_CELLS ; off   ; -    ; w_register0[6]         ;
; IGNORE_LCELL_BUFFERS         ; off   ; -    ; w_register0[5]         ;
; REMOVE_REDUNDANT_LOGIC_CELLS ; off   ; -    ; w_register0[5]         ;
; IGNORE_LCELL_BUFFERS         ; off   ; -    ; w_register0[4]         ;
; REMOVE_REDUNDANT_LOGIC_CELLS ; off   ; -    ; w_register0[4]         ;
; IGNORE_LCELL_BUFFERS         ; off   ; -    ; w_register0[3]         ;
; REMOVE_REDUNDANT_LOGIC_CELLS ; off   ; -    ; w_register0[3]         ;
; IGNORE_LCELL_BUFFERS         ; off   ; -    ; w_register0[2]         ;
; REMOVE_REDUNDANT_LOGIC_CELLS ; off   ; -    ; w_register0[2]         ;
; IGNORE_LCELL_BUFFERS         ; off   ; -    ; w_register0[1]         ;
; REMOVE_REDUNDANT_LOGIC_CELLS ; off   ; -    ; w_register0[1]         ;
; IGNORE_LCELL_BUFFERS         ; off   ; -    ; w_register0[0]         ;
; REMOVE_REDUNDANT_LOGIC_CELLS ; off   ; -    ; w_register0[0]         ;
; IGNORE_LCELL_BUFFERS         ; off   ; -    ; w_pc[7]                ;
; REMOVE_REDUNDANT_LOGIC_CELLS ; off   ; -    ; w_pc[7]                ;
; IGNORE_LCELL_BUFFERS         ; off   ; -    ; w_pc[6]                ;
; REMOVE_REDUNDANT_LOGIC_CELLS ; off   ; -    ; w_pc[6]                ;
; IGNORE_LCELL_BUFFERS         ; off   ; -    ; w_pc[5]                ;
; REMOVE_REDUNDANT_LOGIC_CELLS ; off   ; -    ; w_pc[5]                ;
; IGNORE_LCELL_BUFFERS         ; off   ; -    ; w_pc[4]                ;
; REMOVE_REDUNDANT_LOGIC_CELLS ; off   ; -    ; w_pc[4]                ;
; IGNORE_LCELL_BUFFERS         ; off   ; -    ; w_pc[3]                ;
; REMOVE_REDUNDANT_LOGIC_CELLS ; off   ; -    ; w_pc[3]                ;
; IGNORE_LCELL_BUFFERS         ; off   ; -    ; w_pc[2]                ;
; REMOVE_REDUNDANT_LOGIC_CELLS ; off   ; -    ; w_pc[2]                ;
; IGNORE_LCELL_BUFFERS         ; off   ; -    ; w_pc[1]                ;
; REMOVE_REDUNDANT_LOGIC_CELLS ; off   ; -    ; w_pc[1]                ;
; IGNORE_LCELL_BUFFERS         ; off   ; -    ; w_pc[0]                ;
; REMOVE_REDUNDANT_LOGIC_CELLS ; off   ; -    ; w_pc[0]                ;
; IGNORE_LCELL_BUFFERS         ; off   ; -    ; w_alu_out[7]           ;
; REMOVE_REDUNDANT_LOGIC_CELLS ; off   ; -    ; w_alu_out[7]           ;
; IGNORE_LCELL_BUFFERS         ; off   ; -    ; w_alu_out[6]           ;
; REMOVE_REDUNDANT_LOGIC_CELLS ; off   ; -    ; w_alu_out[6]           ;
; IGNORE_LCELL_BUFFERS         ; off   ; -    ; w_alu_out[5]           ;
; REMOVE_REDUNDANT_LOGIC_CELLS ; off   ; -    ; w_alu_out[5]           ;
; IGNORE_LCELL_BUFFERS         ; off   ; -    ; w_alu_out[4]           ;
; REMOVE_REDUNDANT_LOGIC_CELLS ; off   ; -    ; w_alu_out[4]           ;
; IGNORE_LCELL_BUFFERS         ; off   ; -    ; w_alu_out[3]           ;
; REMOVE_REDUNDANT_LOGIC_CELLS ; off   ; -    ; w_alu_out[3]           ;
; IGNORE_LCELL_BUFFERS         ; off   ; -    ; w_alu_out[2]           ;
; REMOVE_REDUNDANT_LOGIC_CELLS ; off   ; -    ; w_alu_out[2]           ;
; IGNORE_LCELL_BUFFERS         ; off   ; -    ; w_alu_out[1]           ;
; REMOVE_REDUNDANT_LOGIC_CELLS ; off   ; -    ; w_alu_out[1]           ;
; IGNORE_LCELL_BUFFERS         ; off   ; -    ; w_alu_out[0]           ;
; REMOVE_REDUNDANT_LOGIC_CELLS ; off   ; -    ; w_alu_out[0]           ;
; IGNORE_LCELL_BUFFERS         ; off   ; -    ; w_instruction_out[7]   ;
; REMOVE_REDUNDANT_LOGIC_CELLS ; off   ; -    ; w_instruction_out[7]   ;
; IGNORE_LCELL_BUFFERS         ; off   ; -    ; w_instruction_out[6]   ;
; REMOVE_REDUNDANT_LOGIC_CELLS ; off   ; -    ; w_instruction_out[6]   ;
; IGNORE_LCELL_BUFFERS         ; off   ; -    ; w_instruction_out[5]   ;
; REMOVE_REDUNDANT_LOGIC_CELLS ; off   ; -    ; w_instruction_out[5]   ;
; IGNORE_LCELL_BUFFERS         ; off   ; -    ; w_instruction_out[4]   ;
; REMOVE_REDUNDANT_LOGIC_CELLS ; off   ; -    ; w_instruction_out[4]   ;
; IGNORE_LCELL_BUFFERS         ; off   ; -    ; w_instruction_out[3]   ;
; REMOVE_REDUNDANT_LOGIC_CELLS ; off   ; -    ; w_instruction_out[3]   ;
; IGNORE_LCELL_BUFFERS         ; off   ; -    ; w_instruction_out[2]   ;
; REMOVE_REDUNDANT_LOGIC_CELLS ; off   ; -    ; w_instruction_out[2]   ;
; IGNORE_LCELL_BUFFERS         ; off   ; -    ; w_instruction_out[1]   ;
; REMOVE_REDUNDANT_LOGIC_CELLS ; off   ; -    ; w_instruction_out[1]   ;
; IGNORE_LCELL_BUFFERS         ; off   ; -    ; w_instruction_out[0]   ;
; REMOVE_REDUNDANT_LOGIC_CELLS ; off   ; -    ; w_instruction_out[0]   ;
; IGNORE_LCELL_BUFFERS         ; off   ; -    ; w_write_address_out[1] ;
; REMOVE_REDUNDANT_LOGIC_CELLS ; off   ; -    ; w_write_address_out[1] ;
; IGNORE_LCELL_BUFFERS         ; off   ; -    ; w_write_address_out[0] ;
; REMOVE_REDUNDANT_LOGIC_CELLS ; off   ; -    ; w_write_address_out[0] ;
; IGNORE_LCELL_BUFFERS         ; off   ; -    ; w_selected0[7]         ;
; REMOVE_REDUNDANT_LOGIC_CELLS ; off   ; -    ; w_selected0[7]         ;
; IGNORE_LCELL_BUFFERS         ; off   ; -    ; w_selected0[6]         ;
; REMOVE_REDUNDANT_LOGIC_CELLS ; off   ; -    ; w_selected0[6]         ;
; IGNORE_LCELL_BUFFERS         ; off   ; -    ; w_selected0[5]         ;
; REMOVE_REDUNDANT_LOGIC_CELLS ; off   ; -    ; w_selected0[5]         ;
; IGNORE_LCELL_BUFFERS         ; off   ; -    ; w_selected0[4]         ;
; REMOVE_REDUNDANT_LOGIC_CELLS ; off   ; -    ; w_selected0[4]         ;
; IGNORE_LCELL_BUFFERS         ; off   ; -    ; w_selected0[3]         ;
; REMOVE_REDUNDANT_LOGIC_CELLS ; off   ; -    ; w_selected0[3]         ;
; IGNORE_LCELL_BUFFERS         ; off   ; -    ; w_selected0[2]         ;
; REMOVE_REDUNDANT_LOGIC_CELLS ; off   ; -    ; w_selected0[2]         ;
; IGNORE_LCELL_BUFFERS         ; off   ; -    ; w_selected0[1]         ;
; REMOVE_REDUNDANT_LOGIC_CELLS ; off   ; -    ; w_selected0[1]         ;
; IGNORE_LCELL_BUFFERS         ; off   ; -    ; w_selected0[0]         ;
; REMOVE_REDUNDANT_LOGIC_CELLS ; off   ; -    ; w_selected0[0]         ;
; IGNORE_LCELL_BUFFERS         ; off   ; -    ; w_selected1[7]         ;
; REMOVE_REDUNDANT_LOGIC_CELLS ; off   ; -    ; w_selected1[7]         ;
; IGNORE_LCELL_BUFFERS         ; off   ; -    ; w_selected1[6]         ;
; REMOVE_REDUNDANT_LOGIC_CELLS ; off   ; -    ; w_selected1[6]         ;
; IGNORE_LCELL_BUFFERS         ; off   ; -    ; w_selected1[5]         ;
; REMOVE_REDUNDANT_LOGIC_CELLS ; off   ; -    ; w_selected1[5]         ;
; IGNORE_LCELL_BUFFERS         ; off   ; -    ; w_selected1[4]         ;
; REMOVE_REDUNDANT_LOGIC_CELLS ; off   ; -    ; w_selected1[4]         ;
; IGNORE_LCELL_BUFFERS         ; off   ; -    ; w_selected1[3]         ;
; REMOVE_REDUNDANT_LOGIC_CELLS ; off   ; -    ; w_selected1[3]         ;
; IGNORE_LCELL_BUFFERS         ; off   ; -    ; w_selected1[2]         ;
; REMOVE_REDUNDANT_LOGIC_CELLS ; off   ; -    ; w_selected1[2]         ;
; IGNORE_LCELL_BUFFERS         ; off   ; -    ; w_selected1[1]         ;
; REMOVE_REDUNDANT_LOGIC_CELLS ; off   ; -    ; w_selected1[1]         ;
; IGNORE_LCELL_BUFFERS         ; off   ; -    ; w_selected1[0]         ;
; REMOVE_REDUNDANT_LOGIC_CELLS ; off   ; -    ; w_selected1[0]         ;
; IGNORE_LCELL_BUFFERS         ; off   ; -    ; w_operanda[7]          ;
; REMOVE_REDUNDANT_LOGIC_CELLS ; off   ; -    ; w_operanda[7]          ;
; IGNORE_LCELL_BUFFERS         ; off   ; -    ; w_operanda[6]          ;
; REMOVE_REDUNDANT_LOGIC_CELLS ; off   ; -    ; w_operanda[6]          ;
; IGNORE_LCELL_BUFFERS         ; off   ; -    ; w_operanda[5]          ;
; REMOVE_REDUNDANT_LOGIC_CELLS ; off   ; -    ; w_operanda[5]          ;
; IGNORE_LCELL_BUFFERS         ; off   ; -    ; w_operanda[4]          ;
; REMOVE_REDUNDANT_LOGIC_CELLS ; off   ; -    ; w_operanda[4]          ;
; IGNORE_LCELL_BUFFERS         ; off   ; -    ; w_operanda[3]          ;
; REMOVE_REDUNDANT_LOGIC_CELLS ; off   ; -    ; w_operanda[3]          ;
; IGNORE_LCELL_BUFFERS         ; off   ; -    ; w_operanda[2]          ;
; REMOVE_REDUNDANT_LOGIC_CELLS ; off   ; -    ; w_operanda[2]          ;
; IGNORE_LCELL_BUFFERS         ; off   ; -    ; w_operanda[1]          ;
; REMOVE_REDUNDANT_LOGIC_CELLS ; off   ; -    ; w_operanda[1]          ;
; IGNORE_LCELL_BUFFERS         ; off   ; -    ; w_operanda[0]          ;
; REMOVE_REDUNDANT_LOGIC_CELLS ; off   ; -    ; w_operanda[0]          ;
; IGNORE_LCELL_BUFFERS         ; off   ; -    ; w_operandb[7]          ;
; REMOVE_REDUNDANT_LOGIC_CELLS ; off   ; -    ; w_operandb[7]          ;
; IGNORE_LCELL_BUFFERS         ; off   ; -    ; w_operandb[6]          ;
; REMOVE_REDUNDANT_LOGIC_CELLS ; off   ; -    ; w_operandb[6]          ;
; IGNORE_LCELL_BUFFERS         ; off   ; -    ; w_operandb[5]          ;
; REMOVE_REDUNDANT_LOGIC_CELLS ; off   ; -    ; w_operandb[5]          ;
; IGNORE_LCELL_BUFFERS         ; off   ; -    ; w_operandb[4]          ;
; REMOVE_REDUNDANT_LOGIC_CELLS ; off   ; -    ; w_operandb[4]          ;
; IGNORE_LCELL_BUFFERS         ; off   ; -    ; w_operandb[3]          ;
; REMOVE_REDUNDANT_LOGIC_CELLS ; off   ; -    ; w_operandb[3]          ;
; IGNORE_LCELL_BUFFERS         ; off   ; -    ; w_operandb[2]          ;
; REMOVE_REDUNDANT_LOGIC_CELLS ; off   ; -    ; w_operandb[2]          ;
; IGNORE_LCELL_BUFFERS         ; off   ; -    ; w_operandb[1]          ;
; REMOVE_REDUNDANT_LOGIC_CELLS ; off   ; -    ; w_operandb[1]          ;
; IGNORE_LCELL_BUFFERS         ; off   ; -    ; w_operandb[0]          ;
; REMOVE_REDUNDANT_LOGIC_CELLS ; off   ; -    ; w_operandb[0]          ;
; IGNORE_LCELL_BUFFERS         ; off   ; -    ; w_immediate_out[7]     ;
; REMOVE_REDUNDANT_LOGIC_CELLS ; off   ; -    ; w_immediate_out[7]     ;
; IGNORE_LCELL_BUFFERS         ; off   ; -    ; w_immediate_out[6]     ;
; REMOVE_REDUNDANT_LOGIC_CELLS ; off   ; -    ; w_immediate_out[6]     ;
; IGNORE_LCELL_BUFFERS         ; off   ; -    ; w_immediate_out[5]     ;
; REMOVE_REDUNDANT_LOGIC_CELLS ; off   ; -    ; w_immediate_out[5]     ;
; IGNORE_LCELL_BUFFERS         ; off   ; -    ; w_immediate_out[4]     ;
; REMOVE_REDUNDANT_LOGIC_CELLS ; off   ; -    ; w_immediate_out[4]     ;
; IGNORE_LCELL_BUFFERS         ; off   ; -    ; w_immediate_out[3]     ;
; REMOVE_REDUNDANT_LOGIC_CELLS ; off   ; -    ; w_immediate_out[3]     ;
; IGNORE_LCELL_BUFFERS         ; off   ; -    ; w_immediate_out[2]     ;
; REMOVE_REDUNDANT_LOGIC_CELLS ; off   ; -    ; w_immediate_out[2]     ;
; IGNORE_LCELL_BUFFERS         ; off   ; -    ; w_immediate_out[1]     ;
; REMOVE_REDUNDANT_LOGIC_CELLS ; off   ; -    ; w_immediate_out[1]     ;
; IGNORE_LCELL_BUFFERS         ; off   ; -    ; w_immediate_out[0]     ;
; REMOVE_REDUNDANT_LOGIC_CELLS ; off   ; -    ; w_immediate_out[0]     ;
; IGNORE_LCELL_BUFFERS         ; off   ; -    ; w_result_out[7]        ;
; REMOVE_REDUNDANT_LOGIC_CELLS ; off   ; -    ; w_result_out[7]        ;
; IGNORE_LCELL_BUFFERS         ; off   ; -    ; w_result_out[6]        ;
; REMOVE_REDUNDANT_LOGIC_CELLS ; off   ; -    ; w_result_out[6]        ;
; IGNORE_LCELL_BUFFERS         ; off   ; -    ; w_result_out[5]        ;
; REMOVE_REDUNDANT_LOGIC_CELLS ; off   ; -    ; w_result_out[5]        ;
; IGNORE_LCELL_BUFFERS         ; off   ; -    ; w_result_out[4]        ;
; REMOVE_REDUNDANT_LOGIC_CELLS ; off   ; -    ; w_result_out[4]        ;
; IGNORE_LCELL_BUFFERS         ; off   ; -    ; w_result_out[3]        ;
; REMOVE_REDUNDANT_LOGIC_CELLS ; off   ; -    ; w_result_out[3]        ;
; IGNORE_LCELL_BUFFERS         ; off   ; -    ; w_result_out[2]        ;
; REMOVE_REDUNDANT_LOGIC_CELLS ; off   ; -    ; w_result_out[2]        ;
; IGNORE_LCELL_BUFFERS         ; off   ; -    ; w_result_out[1]        ;
; REMOVE_REDUNDANT_LOGIC_CELLS ; off   ; -    ; w_result_out[1]        ;
; IGNORE_LCELL_BUFFERS         ; off   ; -    ; w_result_out[0]        ;
; REMOVE_REDUNDANT_LOGIC_CELLS ; off   ; -    ; w_result_out[0]        ;
+------------------------------+-------+------+------------------------+


+-------------------------------------------------------------------------------------------------------------------+
; Source assignments for stepper_rom:the_stepper_rom|altsyncram:altsyncram_component|altsyncram_7jg1:auto_generated ;
+---------------------------------+--------------------+------+-----------------------------------------------------+
; Assignment                      ; Value              ; From ; To                                                  ;
+---------------------------------+--------------------+------+-----------------------------------------------------+
; OPTIMIZE_POWER_DURING_SYNTHESIS ; NORMAL_COMPILATION ; -    ; -                                                   ;
+---------------------------------+--------------------+------+-----------------------------------------------------+


+---------------------------------------------------------------------------------------------------------------------------+
; Source assignments for instruction_rom:the_instruction_rom|altsyncram:altsyncram_component|altsyncram_k4h1:auto_generated ;
+---------------------------------+--------------------+------+-------------------------------------------------------------+
; Assignment                      ; Value              ; From ; To                                                          ;
+---------------------------------+--------------------+------+-------------------------------------------------------------+
; OPTIMIZE_POWER_DURING_SYNTHESIS ; NORMAL_COMPILATION ; -    ; -                                                           ;
+---------------------------------+--------------------+------+-------------------------------------------------------------+


+------------------------------------------------------------------------------+
; Parameter Settings for User Entity Instance: delay_counter:the_delay_counter ;
+----------------+----------------------+--------------------------------------+
; Parameter Name ; Value                ; Type                                 ;
+----------------+----------------------+--------------------------------------+
; BASIC_PERIOD   ; 01111010000100100000 ; Unsigned Binary                      ;
+----------------+----------------------+--------------------------------------+
Note: In order to hide this table in the UI and the text report file, please set the "Show Parameter Settings in Synthesis Report" option in "Analysis and Synthesis Settings -> More Settings" to "Off".


+----------------------------------------------------------------------------------------------------------+
; Parameter Settings for User Entity Instance: stepper_rom:the_stepper_rom|altsyncram:altsyncram_component ;
+------------------------------------+----------------------+----------------------------------------------+
; Parameter Name                     ; Value                ; Type                                         ;
+------------------------------------+----------------------+----------------------------------------------+
; BYTE_SIZE_BLOCK                    ; 8                    ; Untyped                                      ;
; AUTO_CARRY_CHAINS                  ; ON                   ; AUTO_CARRY                                   ;
; IGNORE_CARRY_BUFFERS               ; OFF                  ; IGNORE_CARRY                                 ;
; AUTO_CASCADE_CHAINS                ; ON                   ; AUTO_CASCADE                                 ;
; IGNORE_CASCADE_BUFFERS             ; OFF                  ; IGNORE_CASCADE                               ;
; WIDTH_BYTEENA                      ; 1                    ; Untyped                                      ;
; OPERATION_MODE                     ; ROM                  ; Untyped                                      ;
; WIDTH_A                            ; 4                    ; Signed Integer                               ;
; WIDTHAD_A                          ; 3                    ; Signed Integer                               ;
; NUMWORDS_A                         ; 8                    ; Signed Integer                               ;
; OUTDATA_REG_A                      ; UNREGISTERED         ; Untyped                                      ;
; ADDRESS_ACLR_A                     ; NONE                 ; Untyped                                      ;
; OUTDATA_ACLR_A                     ; NONE                 ; Untyped                                      ;
; WRCONTROL_ACLR_A                   ; NONE                 ; Untyped                                      ;
; INDATA_ACLR_A                      ; NONE                 ; Untyped                                      ;
; BYTEENA_ACLR_A                     ; NONE                 ; Untyped                                      ;
; WIDTH_B                            ; 1                    ; Untyped                                      ;
; WIDTHAD_B                          ; 1                    ; Untyped                                      ;
; NUMWORDS_B                         ; 1                    ; Untyped                                      ;
; INDATA_REG_B                       ; CLOCK1               ; Untyped                                      ;
; WRCONTROL_WRADDRESS_REG_B          ; CLOCK1               ; Untyped                                      ;
; RDCONTROL_REG_B                    ; CLOCK1               ; Untyped                                      ;
; ADDRESS_REG_B                      ; CLOCK1               ; Untyped                                      ;
; OUTDATA_REG_B                      ; UNREGISTERED         ; Untyped                                      ;
; BYTEENA_REG_B                      ; CLOCK1               ; Untyped                                      ;
; INDATA_ACLR_B                      ; NONE                 ; Untyped                                      ;
; WRCONTROL_ACLR_B                   ; NONE                 ; Untyped                                      ;
; ADDRESS_ACLR_B                     ; NONE                 ; Untyped                                      ;
; OUTDATA_ACLR_B                     ; NONE                 ; Untyped                                      ;
; RDCONTROL_ACLR_B                   ; NONE                 ; Untyped                                      ;
; BYTEENA_ACLR_B                     ; NONE                 ; Untyped                                      ;
; WIDTH_BYTEENA_A                    ; 1                    ; Signed Integer                               ;
; WIDTH_BYTEENA_B                    ; 1                    ; Untyped                                      ;
; RAM_BLOCK_TYPE                     ; AUTO                 ; Untyped                                      ;
; BYTE_SIZE                          ; 8                    ; Untyped                                      ;
; READ_DURING_WRITE_MODE_MIXED_PORTS ; DONT_CARE            ; Untyped                                      ;
; READ_DURING_WRITE_MODE_PORT_A      ; NEW_DATA_NO_NBE_READ ; Untyped                                      ;
; READ_DURING_WRITE_MODE_PORT_B      ; NEW_DATA_NO_NBE_READ ; Untyped                                      ;
; INIT_FILE                          ; stepper_rom.mif      ; Untyped                                      ;
; INIT_FILE_LAYOUT                   ; PORT_A               ; Untyped                                      ;
; MAXIMUM_DEPTH                      ; 0                    ; Untyped                                      ;
; CLOCK_ENABLE_INPUT_A               ; BYPASS               ; Untyped                                      ;
; CLOCK_ENABLE_INPUT_B               ; NORMAL               ; Untyped                                      ;
; CLOCK_ENABLE_OUTPUT_A              ; BYPASS               ; Untyped                                      ;
; CLOCK_ENABLE_OUTPUT_B              ; NORMAL               ; Untyped                                      ;
; CLOCK_ENABLE_CORE_A                ; USE_INPUT_CLKEN      ; Untyped                                      ;
; CLOCK_ENABLE_CORE_B                ; USE_INPUT_CLKEN      ; Untyped                                      ;
; ENABLE_ECC                         ; FALSE                ; Untyped                                      ;
; ECC_PIPELINE_STAGE_ENABLED         ; FALSE                ; Untyped                                      ;
; WIDTH_ECCSTATUS                    ; 3                    ; Untyped                                      ;
; DEVICE_FAMILY                      ; Cyclone V            ; Untyped                                      ;
; CBXI_PARAMETER                     ; altsyncram_7jg1      ; Untyped                                      ;
+------------------------------------+----------------------+----------------------------------------------+
Note: In order to hide this table in the UI and the text report file, please set the "Show Parameter Settings in Synthesis Report" option in "Analysis and Synthesis Settings -> More Settings" to "Off".


+--------------------------------------------------------+
; Parameter Settings for User Entity Instance: pc:the_pc ;
+----------------+----------+----------------------------+
; Parameter Name ; Value    ; Type                       ;
+----------------+----------+----------------------------+
; RESET_LOCATION ; 00000000 ; Unsigned Binary            ;
+----------------+----------+----------------------------+
Note: In order to hide this table in the UI and the text report file, please set the "Show Parameter Settings in Synthesis Report" option in "Analysis and Synthesis Settings -> More Settings" to "Off".


+------------------------------------------------------------------------------------------------------------------+
; Parameter Settings for User Entity Instance: instruction_rom:the_instruction_rom|altsyncram:altsyncram_component ;
+------------------------------------+----------------------+------------------------------------------------------+
; Parameter Name                     ; Value                ; Type                                                 ;
+------------------------------------+----------------------+------------------------------------------------------+
; BYTE_SIZE_BLOCK                    ; 8                    ; Untyped                                              ;
; AUTO_CARRY_CHAINS                  ; ON                   ; AUTO_CARRY                                           ;
; IGNORE_CARRY_BUFFERS               ; OFF                  ; IGNORE_CARRY                                         ;
; AUTO_CASCADE_CHAINS                ; ON                   ; AUTO_CASCADE                                         ;
; IGNORE_CASCADE_BUFFERS             ; OFF                  ; IGNORE_CASCADE                                       ;
; WIDTH_BYTEENA                      ; 1                    ; Untyped                                              ;
; OPERATION_MODE                     ; ROM                  ; Untyped                                              ;
; WIDTH_A                            ; 8                    ; Signed Integer                                       ;
; WIDTHAD_A                          ; 8                    ; Signed Integer                                       ;
; NUMWORDS_A                         ; 256                  ; Signed Integer                                       ;
; OUTDATA_REG_A                      ; UNREGISTERED         ; Untyped                                              ;
; ADDRESS_ACLR_A                     ; NONE                 ; Untyped                                              ;
; OUTDATA_ACLR_A                     ; NONE                 ; Untyped                                              ;
; WRCONTROL_ACLR_A                   ; NONE                 ; Untyped                                              ;
; INDATA_ACLR_A                      ; NONE                 ; Untyped                                              ;
; BYTEENA_ACLR_A                     ; NONE                 ; Untyped                                              ;
; WIDTH_B                            ; 1                    ; Untyped                                              ;
; WIDTHAD_B                          ; 1                    ; Untyped                                              ;
; NUMWORDS_B                         ; 1                    ; Untyped                                              ;
; INDATA_REG_B                       ; CLOCK1               ; Untyped                                              ;
; WRCONTROL_WRADDRESS_REG_B          ; CLOCK1               ; Untyped                                              ;
; RDCONTROL_REG_B                    ; CLOCK1               ; Untyped                                              ;
; ADDRESS_REG_B                      ; CLOCK1               ; Untyped                                              ;
; OUTDATA_REG_B                      ; UNREGISTERED         ; Untyped                                              ;
; BYTEENA_REG_B                      ; CLOCK1               ; Untyped                                              ;
; INDATA_ACLR_B                      ; NONE                 ; Untyped                                              ;
; WRCONTROL_ACLR_B                   ; NONE                 ; Untyped                                              ;
; ADDRESS_ACLR_B                     ; NONE                 ; Untyped                                              ;
; OUTDATA_ACLR_B                     ; NONE                 ; Untyped                                              ;
; RDCONTROL_ACLR_B                   ; NONE                 ; Untyped                                              ;
; BYTEENA_ACLR_B                     ; NONE                 ; Untyped                                              ;
; WIDTH_BYTEENA_A                    ; 1                    ; Signed Integer                                       ;
; WIDTH_BYTEENA_B                    ; 1                    ; Untyped                                              ;
; RAM_BLOCK_TYPE                     ; AUTO                 ; Untyped                                              ;
; BYTE_SIZE                          ; 8                    ; Untyped                                              ;
; READ_DURING_WRITE_MODE_MIXED_PORTS ; DONT_CARE            ; Untyped                                              ;
; READ_DURING_WRITE_MODE_PORT_A      ; NEW_DATA_NO_NBE_READ ; Untyped                                              ;
; READ_DURING_WRITE_MODE_PORT_B      ; NEW_DATA_NO_NBE_READ ; Untyped                                              ;
; INIT_FILE                          ; instruction_rom.mif  ; Untyped                                              ;
; INIT_FILE_LAYOUT                   ; PORT_A               ; Untyped                                              ;
; MAXIMUM_DEPTH                      ; 0                    ; Untyped                                              ;
; CLOCK_ENABLE_INPUT_A               ; BYPASS               ; Untyped                                              ;
; CLOCK_ENABLE_INPUT_B               ; NORMAL               ; Untyped                                              ;
; CLOCK_ENABLE_OUTPUT_A              ; BYPASS               ; Untyped                                              ;
; CLOCK_ENABLE_OUTPUT_B              ; NORMAL               ; Untyped                                              ;
; CLOCK_ENABLE_CORE_A                ; USE_INPUT_CLKEN      ; Untyped                                              ;
; CLOCK_ENABLE_CORE_B                ; USE_INPUT_CLKEN      ; Untyped                                              ;
; ENABLE_ECC                         ; FALSE                ; Untyped                                              ;
; ECC_PIPELINE_STAGE_ENABLED         ; FALSE                ; Untyped                                              ;
; WIDTH_ECCSTATUS                    ; 3                    ; Untyped                                              ;
; DEVICE_FAMILY                      ; Cyclone V            ; Untyped                                              ;
; CBXI_PARAMETER                     ; altsyncram_k4h1      ; Untyped                                              ;
+------------------------------------+----------------------+------------------------------------------------------+
Note: In order to hide this table in the UI and the text report file, please set the "Show Parameter Settings in Synthesis Report" option in "Analysis and Synthesis Settings -> More Settings" to "Off".


+-----------------------------------------------------------------------------------------------------------------+
; altsyncram Parameter Settings by Entity Instance                                                                ;
+-------------------------------------------+---------------------------------------------------------------------+
; Name                                      ; Value                                                               ;
+-------------------------------------------+---------------------------------------------------------------------+
; Number of entity instances                ; 2                                                                   ;
; Entity Instance                           ; stepper_rom:the_stepper_rom|altsyncram:altsyncram_component         ;
;     -- OPERATION_MODE                     ; ROM                                                                 ;
;     -- WIDTH_A                            ; 4                                                                   ;
;     -- NUMWORDS_A                         ; 8                                                                   ;
;     -- OUTDATA_REG_A                      ; UNREGISTERED                                                        ;
;     -- WIDTH_B                            ; 1                                                                   ;
;     -- NUMWORDS_B                         ; 1                                                                   ;
;     -- ADDRESS_REG_B                      ; CLOCK1                                                              ;
;     -- OUTDATA_REG_B                      ; UNREGISTERED                                                        ;
;     -- RAM_BLOCK_TYPE                     ; AUTO                                                                ;
;     -- READ_DURING_WRITE_MODE_MIXED_PORTS ; DONT_CARE                                                           ;
; Entity Instance                           ; instruction_rom:the_instruction_rom|altsyncram:altsyncram_component ;
;     -- OPERATION_MODE                     ; ROM                                                                 ;
;     -- WIDTH_A                            ; 8                                                                   ;
;     -- NUMWORDS_A                         ; 256                                                                 ;
;     -- OUTDATA_REG_A                      ; UNREGISTERED                                                        ;
;     -- WIDTH_B                            ; 1                                                                   ;
;     -- NUMWORDS_B                         ; 1                                                                   ;
;     -- ADDRESS_REG_B                      ; CLOCK1                                                              ;
;     -- OUTDATA_REG_B                      ; UNREGISTERED                                                        ;
;     -- RAM_BLOCK_TYPE                     ; AUTO                                                                ;
;     -- READ_DURING_WRITE_MODE_MIXED_PORTS ; DONT_CARE                                                           ;
+-------------------------------------------+---------------------------------------------------------------------+


+-------------------------------------------------------------------------------------------------------------------------------------------------------------------------------------------------------------------+
; Port Connectivity Checks: "immediate_extractor:the_immediate_extractor"                                                                                                                                           ;
+-------------+-------+----------+----------------------------------------------------------------------------------------------------------------------------------------------------------------------------------+
; Port        ; Type  ; Severity ; Details                                                                                                                                                                          ;
+-------------+-------+----------+----------------------------------------------------------------------------------------------------------------------------------------------------------------------------------+
; instruction ; Input ; Warning  ; Input port expression (8 bits) is wider than the input port (5 bits) it drives.  The 3 most-significant bit(s) in the expression will be dangling if they have no other fanouts. ;
+-------------+-------+----------+----------------------------------------------------------------------------------------------------------------------------------------------------------------------------------+


+-----------------------------------------------------+
; Post-Synthesis Netlist Statistics for Top Partition ;
+-----------------------+-----------------------------+
; Type                  ; Count                       ;
+-----------------------+-----------------------------+
; arriav_lcell_comb     ; 11                          ;
;     normal            ; 11                          ;
;         0 data inputs ; 3                           ;
;         1 data inputs ; 6                           ;
;         3 data inputs ; 1                           ;
;         6 data inputs ; 1                           ;
; boundary_port         ; 43                          ;
; stratixv_ram_block    ; 10                          ;
;                       ;                             ;
; Max LUT depth         ; 2.00                        ;
; Average LUT depth     ; 1.27                        ;
+-----------------------+-----------------------------+


+-------------------------------+
; Elapsed Time Per Partition    ;
+----------------+--------------+
; Partition Name ; Elapsed Time ;
+----------------+--------------+
; Top            ; 00:00:00     ;
+----------------+--------------+


+-------------------------------+
; Analysis & Synthesis Messages ;
+-------------------------------+
Info: *******************************************************************
Info: Running Quartus Prime Analysis & Synthesis
    Info: Version 23.1std.0 Build 991 11/28/2023 SC Standard Edition
    Info: Processing started: Mon Mar 23 12:13:35 2026
Info: Command: quartus_map --read_settings_files=on --write_settings_files=off lab5 -c lab5
Warning (18236): Number of processors has not been specified which may cause overloading on shared machines.  Set the global assignment NUM_PARALLEL_PROCESSORS in your QSF to an appropriate value for best performance.
Info (20030): Parallel compilation is enabled and will use 14 of the 14 processors detected
Info (12021): Found 1 design units, including 1 entities, in source file instruction_rom.v
    Info (12023): Found entity 1: instruction_rom File: C:/Users/sirep/OneDrive/Desktop/2026/3tb4/lab/Lab/3tb4/lab5/instruction_rom.v Line: 40
Info (12021): Found 1 design units, including 1 entities, in source file write_address_select.v
    Info (12023): Found entity 1: write_address_select File: C:/Users/sirep/OneDrive/Desktop/2026/3tb4/lab/Lab/3tb4/lab5/write_address_select.v Line: 1
Info (12021): Found 1 design units, including 1 entities, in source file temp_register.v
    Info (12023): Found entity 1: temp_register File: C:/Users/sirep/OneDrive/Desktop/2026/3tb4/lab/Lab/3tb4/lab5/temp_register.v Line: 1
Info (12021): Found 1 design units, including 1 entities, in source file result_mux.v
    Info (12023): Found entity 1: result_mux File: C:/Users/sirep/OneDrive/Desktop/2026/3tb4/lab/Lab/3tb4/lab5/result_mux.v Line: 1
Info (12021): Found 1 design units, including 1 entities, in source file regfile.v
    Info (12023): Found entity 1: regfile File: C:/Users/sirep/OneDrive/Desktop/2026/3tb4/lab/Lab/3tb4/lab5/regfile.v Line: 3
Info (12021): Found 1 design units, including 1 entities, in source file pc.v
    Info (12023): Found entity 1: pc File: C:/Users/sirep/OneDrive/Desktop/2026/3tb4/lab/Lab/3tb4/lab5/pc.v Line: 1
Info (12021): Found 1 design units, including 1 entities, in source file op2_mux.v
    Info (12023): Found entity 1: op2_mux File: C:/Users/sirep/OneDrive/Desktop/2026/3tb4/lab/Lab/3tb4/lab5/op2_mux.v Line: 1
Info (12021): Found 1 design units, including 1 entities, in source file op1_mux.v
    Info (12023): Found entity 1: op1_mux File: C:/Users/sirep/OneDrive/Desktop/2026/3tb4/lab/Lab/3tb4/lab5/op1_mux.v Line: 1
Info (12021): Found 1 design units, including 1 entities, in source file immediate_extractor.v
    Info (12023): Found entity 1: immediate_extractor File: C:/Users/sirep/OneDrive/Desktop/2026/3tb4/lab/Lab/3tb4/lab5/immediate_extractor.v Line: 1
Info (12021): Found 1 design units, including 1 entities, in source file delay_counter.v
    Info (12023): Found entity 1: delay_counter File: C:/Users/sirep/OneDrive/Desktop/2026/3tb4/lab/Lab/3tb4/lab5/delay_counter.v Line: 1
Info (12021): Found 1 design units, including 1 entities, in source file decoder.v
    Info (12023): Found entity 1: decoder File: C:/Users/sirep/OneDrive/Desktop/2026/3tb4/lab/Lab/3tb4/lab5/decoder.v Line: 1
Info (12021): Found 1 design units, including 1 entities, in source file datapath.v
    Info (12023): Found entity 1: datapath File: C:/Users/sirep/OneDrive/Desktop/2026/3tb4/lab/Lab/3tb4/lab5/datapath.v Line: 1
Info (12021): Found 1 design units, including 1 entities, in source file control_fsm.v
    Info (12023): Found entity 1: control_fsm File: C:/Users/sirep/OneDrive/Desktop/2026/3tb4/lab/Lab/3tb4/lab5/control_fsm.v Line: 1
Info (12021): Found 1 design units, including 1 entities, in source file branch_logic.v
    Info (12023): Found entity 1: branch_logic File: C:/Users/sirep/OneDrive/Desktop/2026/3tb4/lab/Lab/3tb4/lab5/branch_logic.v Line: 1
Info (12021): Found 1 design units, including 1 entities, in source file alu.v
    Info (12023): Found entity 1: alu File: C:/Users/sirep/OneDrive/Desktop/2026/3tb4/lab/Lab/3tb4/lab5/alu.v Line: 1
Info (12021): Found 1 design units, including 1 entities, in source file stepper_rom.v
    Info (12023): Found entity 1: stepper_rom File: C:/Users/sirep/OneDrive/Desktop/2026/3tb4/lab/Lab/3tb4/lab5/stepper_rom.v Line: 40
Info (12127): Elaborating entity "datapath" for the top level hierarchy
Info (12128): Elaborating entity "decoder" for hierarchy "decoder:the_decoder" File: C:/Users/sirep/OneDrive/Desktop/2026/3tb4/lab/Lab/3tb4/lab5/datapath.v Line: 53
Warning (10034): Output port "brz" at decoder.v(2) has no driver File: C:/Users/sirep/OneDrive/Desktop/2026/3tb4/lab/Lab/3tb4/lab5/decoder.v Line: 2
Warning (10034): Output port "addi" at decoder.v(2) has no driver File: C:/Users/sirep/OneDrive/Desktop/2026/3tb4/lab/Lab/3tb4/lab5/decoder.v Line: 2
Warning (10034): Output port "subi" at decoder.v(2) has no driver File: C:/Users/sirep/OneDrive/Desktop/2026/3tb4/lab/Lab/3tb4/lab5/decoder.v Line: 2
Warning (10034): Output port "sr0" at decoder.v(2) has no driver File: C:/Users/sirep/OneDrive/Desktop/2026/3tb4/lab/Lab/3tb4/lab5/decoder.v Line: 2
Warning (10034): Output port "srh0" at decoder.v(2) has no driver File: C:/Users/sirep/OneDrive/Desktop/2026/3tb4/lab/Lab/3tb4/lab5/decoder.v Line: 2
Warning (10034): Output port "mov" at decoder.v(2) has no driver File: C:/Users/sirep/OneDrive/Desktop/2026/3tb4/lab/Lab/3tb4/lab5/decoder.v Line: 2
Warning (10034): Output port "mova" at decoder.v(2) has no driver File: C:/Users/sirep/OneDrive/Desktop/2026/3tb4/lab/Lab/3tb4/lab5/decoder.v Line: 2
Warning (10034): Output port "movr" at decoder.v(2) has no driver File: C:/Users/sirep/OneDrive/Desktop/2026/3tb4/lab/Lab/3tb4/lab5/decoder.v Line: 2
Warning (10034): Output port "movrhs" at decoder.v(2) has no driver File: C:/Users/sirep/OneDrive/Desktop/2026/3tb4/lab/Lab/3tb4/lab5/decoder.v Line: 2
Warning (10034): Output port "pause" at decoder.v(3) has no driver File: C:/Users/sirep/OneDrive/Desktop/2026/3tb4/lab/Lab/3tb4/lab5/decoder.v Line: 3
Info (12128): Elaborating entity "regfile" for hierarchy "regfile:the_regfile" File: C:/Users/sirep/OneDrive/Desktop/2026/3tb4/lab/Lab/3tb4/lab5/datapath.v Line: 69
Warning (10034): Output port "selected0" at regfile.v(4) has no driver File: C:/Users/sirep/OneDrive/Desktop/2026/3tb4/lab/Lab/3tb4/lab5/regfile.v Line: 4
Warning (10034): Output port "selected1" at regfile.v(4) has no driver File: C:/Users/sirep/OneDrive/Desktop/2026/3tb4/lab/Lab/3tb4/lab5/regfile.v Line: 4
Warning (10034): Output port "delay" at regfile.v(4) has no driver File: C:/Users/sirep/OneDrive/Desktop/2026/3tb4/lab/Lab/3tb4/lab5/regfile.v Line: 4
Warning (10034): Output port "position" at regfile.v(4) has no driver File: C:/Users/sirep/OneDrive/Desktop/2026/3tb4/lab/Lab/3tb4/lab5/regfile.v Line: 4
Warning (10034): Output port "register0" at regfile.v(4) has no driver File: C:/Users/sirep/OneDrive/Desktop/2026/3tb4/lab/Lab/3tb4/lab5/regfile.v Line: 4
Warning (12158): Entity "regfile" contains only dangling pins File: C:/Users/sirep/OneDrive/Desktop/2026/3tb4/lab/Lab/3tb4/lab5/datapath.v Line: 69
Info (12128): Elaborating entity "op1_mux" for hierarchy "op1_mux:the_op1_mux" File: C:/Users/sirep/OneDrive/Desktop/2026/3tb4/lab/Lab/3tb4/lab5/datapath.v Line: 80
Warning (10034): Output port "result" at op1_mux.v(2) has no driver File: C:/Users/sirep/OneDrive/Desktop/2026/3tb4/lab/Lab/3tb4/lab5/op1_mux.v Line: 2
Warning (12158): Entity "op1_mux" contains only dangling pins File: C:/Users/sirep/OneDrive/Desktop/2026/3tb4/lab/Lab/3tb4/lab5/datapath.v Line: 80
Info (12128): Elaborating entity "op2_mux" for hierarchy "op2_mux:the_op2_mux" File: C:/Users/sirep/OneDrive/Desktop/2026/3tb4/lab/Lab/3tb4/lab5/datapath.v Line: 89
Warning (10034): Output port "result" at op2_mux.v(2) has no driver File: C:/Users/sirep/OneDrive/Desktop/2026/3tb4/lab/Lab/3tb4/lab5/op2_mux.v Line: 2
Warning (12158): Entity "op2_mux" contains only dangling pins File: C:/Users/sirep/OneDrive/Desktop/2026/3tb4/lab/Lab/3tb4/lab5/datapath.v Line: 89
Info (12128): Elaborating entity "delay_counter" for hierarchy "delay_counter:the_delay_counter" File: C:/Users/sirep/OneDrive/Desktop/2026/3tb4/lab/Lab/3tb4/lab5/datapath.v Line: 100
Warning (10034): Output port "done" at delay_counter.v(1) has no driver File: C:/Users/sirep/OneDrive/Desktop/2026/3tb4/lab/Lab/3tb4/lab5/delay_counter.v Line: 1
Warning (12158): Entity "delay_counter" contains only dangling pins File: C:/Users/sirep/OneDrive/Desktop/2026/3tb4/lab/Lab/3tb4/lab5/datapath.v Line: 100
Info (12128): Elaborating entity "stepper_rom" for hierarchy "stepper_rom:the_stepper_rom" File: C:/Users/sirep/OneDrive/Desktop/2026/3tb4/lab/Lab/3tb4/lab5/datapath.v Line: 108
Info (12128): Elaborating entity "altsyncram" for hierarchy "stepper_rom:the_stepper_rom|altsyncram:altsyncram_component" File: C:/Users/sirep/OneDrive/Desktop/2026/3tb4/lab/Lab/3tb4/lab5/stepper_rom.v Line: 82
Info (12130): Elaborated megafunction instantiation "stepper_rom:the_stepper_rom|altsyncram:altsyncram_component" File: C:/Users/sirep/OneDrive/Desktop/2026/3tb4/lab/Lab/3tb4/lab5/stepper_rom.v Line: 82
Info (12133): Instantiated megafunction "stepper_rom:the_stepper_rom|altsyncram:altsyncram_component" with the following parameter: File: C:/Users/sirep/OneDrive/Desktop/2026/3tb4/lab/Lab/3tb4/lab5/stepper_rom.v Line: 82
    Info (12134): Parameter "address_aclr_a" = "NONE"
    Info (12134): Parameter "clock_enable_input_a" = "BYPASS"
    Info (12134): Parameter "clock_enable_output_a" = "BYPASS"
    Info (12134): Parameter "init_file" = "stepper_rom.mif"
    Info (12134): Parameter "intended_device_family" = "Cyclone V"
    Info (12134): Parameter "lpm_hint" = "ENABLE_RUNTIME_MOD=NO"
    Info (12134): Parameter "lpm_type" = "altsyncram"
    Info (12134): Parameter "numwords_a" = "8"
    Info (12134): Parameter "operation_mode" = "ROM"
    Info (12134): Parameter "outdata_aclr_a" = "NONE"
    Info (12134): Parameter "outdata_reg_a" = "UNREGISTERED"
    Info (12134): Parameter "widthad_a" = "3"
    Info (12134): Parameter "width_a" = "4"
    Info (12134): Parameter "width_byteena_a" = "1"
Info (12021): Found 1 design units, including 1 entities, in source file db/altsyncram_7jg1.tdf
    Info (12023): Found entity 1: altsyncram_7jg1 File: C:/Users/sirep/OneDrive/Desktop/2026/3tb4/lab/Lab/3tb4/lab5/db/altsyncram_7jg1.tdf Line: 28
Info (12128): Elaborating entity "altsyncram_7jg1" for hierarchy "stepper_rom:the_stepper_rom|altsyncram:altsyncram_component|altsyncram_7jg1:auto_generated" File: c:/intelfpga/23.1std/quartus/libraries/megafunctions/altsyncram.tdf Line: 792
Info (12128): Elaborating entity "pc" for hierarchy "pc:the_pc" File: C:/Users/sirep/OneDrive/Desktop/2026/3tb4/lab/Lab/3tb4/lab5/datapath.v Line: 119
Warning (10034): Output port "pc" at pc.v(2) has no driver File: C:/Users/sirep/OneDrive/Desktop/2026/3tb4/lab/Lab/3tb4/lab5/pc.v Line: 2
Warning (12158): Entity "pc" contains only dangling pins File: C:/Users/sirep/OneDrive/Desktop/2026/3tb4/lab/Lab/3tb4/lab5/datapath.v Line: 119
Info (12128): Elaborating entity "instruction_rom" for hierarchy "instruction_rom:the_instruction_rom" File: C:/Users/sirep/OneDrive/Desktop/2026/3tb4/lab/Lab/3tb4/lab5/datapath.v Line: 127
Info (12128): Elaborating entity "altsyncram" for hierarchy "instruction_rom:the_instruction_rom|altsyncram:altsyncram_component" File: C:/Users/sirep/OneDrive/Desktop/2026/3tb4/lab/Lab/3tb4/lab5/instruction_rom.v Line: 82
Info (12130): Elaborated megafunction instantiation "instruction_rom:the_instruction_rom|altsyncram:altsyncram_component" File: C:/Users/sirep/OneDrive/Desktop/2026/3tb4/lab/Lab/3tb4/lab5/instruction_rom.v Line: 82
Info (12133): Instantiated megafunction "instruction_rom:the_instruction_rom|altsyncram:altsyncram_component" with the following parameter: File: C:/Users/sirep/OneDrive/Desktop/2026/3tb4/lab/Lab/3tb4/lab5/instruction_rom.v Line: 82
    Info (12134): Parameter "address_aclr_a" = "NONE"
    Info (12134): Parameter "clock_enable_input_a" = "BYPASS"
    Info (12134): Parameter "clock_enable_output_a" = "BYPASS"
    Info (12134): Parameter "init_file" = "instruction_rom.mif"
    Info (12134): Parameter "intended_device_family" = "Cyclone V"
    Info (12134): Parameter "lpm_hint" = "ENABLE_RUNTIME_MOD=NO"
    Info (12134): Parameter "lpm_type" = "altsyncram"
    Info (12134): Parameter "numwords_a" = "256"
    Info (12134): Parameter "operation_mode" = "ROM"
    Info (12134): Parameter "outdata_aclr_a" = "NONE"
    Info (12134): Parameter "outdata_reg_a" = "UNREGISTERED"
    Info (12134): Parameter "widthad_a" = "8"
    Info (12134): Parameter "width_a" = "8"
    Info (12134): Parameter "width_byteena_a" = "1"
Info (12021): Found 1 design units, including 1 entities, in source file db/altsyncram_k4h1.tdf
    Info (12023): Found entity 1: altsyncram_k4h1 File: C:/Users/sirep/OneDrive/Desktop/2026/3tb4/lab/Lab/3tb4/lab5/db/altsyncram_k4h1.tdf Line: 28
Info (12128): Elaborating entity "altsyncram_k4h1" for hierarchy "instruction_rom:the_instruction_rom|altsyncram:altsyncram_component|altsyncram_k4h1:auto_generated" File: c:/intelfpga/23.1std/quartus/libraries/megafunctions/altsyncram.tdf Line: 792
Info (12128): Elaborating entity "alu" for hierarchy "alu:the_alu" File: C:/Users/sirep/OneDrive/Desktop/2026/3tb4/lab/Lab/3tb4/lab5/datapath.v Line: 138
Warning (10034): Output port "result" at alu.v(1) has no driver File: C:/Users/sirep/OneDrive/Desktop/2026/3tb4/lab/Lab/3tb4/lab5/alu.v Line: 1
Warning (12158): Entity "alu" contains only dangling pins File: C:/Users/sirep/OneDrive/Desktop/2026/3tb4/lab/Lab/3tb4/lab5/datapath.v Line: 138
Info (12128): Elaborating entity "temp_register" for hierarchy "temp_register:the_temp_register" File: C:/Users/sirep/OneDrive/Desktop/2026/3tb4/lab/Lab/3tb4/lab5/datapath.v Line: 152
Warning (10034): Output port "negative" at temp_register.v(2) has no driver File: C:/Users/sirep/OneDrive/Desktop/2026/3tb4/lab/Lab/3tb4/lab5/temp_register.v Line: 2
Warning (10034): Output port "positive" at temp_register.v(2) has no driver File: C:/Users/sirep/OneDrive/Desktop/2026/3tb4/lab/Lab/3tb4/lab5/temp_register.v Line: 2
Warning (10034): Output port "zero" at temp_register.v(2) has no driver File: C:/Users/sirep/OneDrive/Desktop/2026/3tb4/lab/Lab/3tb4/lab5/temp_register.v Line: 2
Warning (12158): Entity "temp_register" contains only dangling pins File: C:/Users/sirep/OneDrive/Desktop/2026/3tb4/lab/Lab/3tb4/lab5/datapath.v Line: 152
Info (12128): Elaborating entity "immediate_extractor" for hierarchy "immediate_extractor:the_immediate_extractor" File: C:/Users/sirep/OneDrive/Desktop/2026/3tb4/lab/Lab/3tb4/lab5/datapath.v Line: 160
Warning (10034): Output port "immediate" at immediate_extractor.v(1) has no driver File: C:/Users/sirep/OneDrive/Desktop/2026/3tb4/lab/Lab/3tb4/lab5/immediate_extractor.v Line: 1
Warning (12158): Entity "immediate_extractor" contains only dangling pins File: C:/Users/sirep/OneDrive/Desktop/2026/3tb4/lab/Lab/3tb4/lab5/datapath.v Line: 160
Info (12128): Elaborating entity "write_address_select" for hierarchy "write_address_select:the_write_address_select" File: C:/Users/sirep/OneDrive/Desktop/2026/3tb4/lab/Lab/3tb4/lab5/datapath.v Line: 169
Warning (10034): Output port "write_address" at write_address_select.v(1) has no driver File: C:/Users/sirep/OneDrive/Desktop/2026/3tb4/lab/Lab/3tb4/lab5/write_address_select.v Line: 1
Warning (12158): Entity "write_address_select" contains only dangling pins File: C:/Users/sirep/OneDrive/Desktop/2026/3tb4/lab/Lab/3tb4/lab5/datapath.v Line: 169
Info (12128): Elaborating entity "result_mux" for hierarchy "result_mux:the_result_mux" File: C:/Users/sirep/OneDrive/Desktop/2026/3tb4/lab/Lab/3tb4/lab5/datapath.v Line: 175
Warning (10034): Output port "result" at result_mux.v(5) has no driver File: C:/Users/sirep/OneDrive/Desktop/2026/3tb4/lab/Lab/3tb4/lab5/result_mux.v Line: 5
Warning (12158): Entity "result_mux" contains only dangling pins File: C:/Users/sirep/OneDrive/Desktop/2026/3tb4/lab/Lab/3tb4/lab5/datapath.v Line: 175
Info (12128): Elaborating entity "branch_logic" for hierarchy "branch_logic:the_branch_logic" File: C:/Users/sirep/OneDrive/Desktop/2026/3tb4/lab/Lab/3tb4/lab5/datapath.v Line: 182
Warning (10034): Output port "branch" at branch_logic.v(1) has no driver File: C:/Users/sirep/OneDrive/Desktop/2026/3tb4/lab/Lab/3tb4/lab5/branch_logic.v Line: 1
Warning (12158): Entity "branch_logic" contains only dangling pins File: C:/Users/sirep/OneDrive/Desktop/2026/3tb4/lab/Lab/3tb4/lab5/datapath.v Line: 182
Warning (14284): Synthesized away the following node(s):
    Warning (14285): Synthesized away the following RAM node(s):
        Warning (14320): Synthesized away node "instruction_rom:the_instruction_rom|altsyncram:altsyncram_component|altsyncram_k4h1:auto_generated|q_a[0]" File: C:/Users/sirep/OneDrive/Desktop/2026/3tb4/lab/Lab/3tb4/lab5/db/altsyncram_k4h1.tdf Line: 35
        Warning (14320): Synthesized away node "instruction_rom:the_instruction_rom|altsyncram:altsyncram_component|altsyncram_k4h1:auto_generated|q_a[1]" File: C:/Users/sirep/OneDrive/Desktop/2026/3tb4/lab/Lab/3tb4/lab5/db/altsyncram_k4h1.tdf Line: 56
Warning (12241): 1 hierarchies have connectivity warnings - see the Connectivity Checks report folder
Warning (13024): Output pins are stuck at VCC or GND
    Warning (13410): Pin "brz" is stuck at GND File: C:/Users/sirep/OneDrive/Desktop/2026/3tb4/lab/Lab/3tb4/lab5/datapath.v Line: 12
    Warning (13410): Pin "addi" is stuck at GND File: C:/Users/sirep/OneDrive/Desktop/2026/3tb4/lab/Lab/3tb4/lab5/datapath.v Line: 12
    Warning (13410): Pin "subi" is stuck at GND File: C:/Users/sirep/OneDrive/Desktop/2026/3tb4/lab/Lab/3tb4/lab5/datapath.v Line: 12
    Warning (13410): Pin "sr0" is stuck at GND File: C:/Users/sirep/OneDrive/Desktop/2026/3tb4/lab/Lab/3tb4/lab5/datapath.v Line: 12
    Warning (13410): Pin "srh0" is stuck at GND File: C:/Users/sirep/OneDrive/Desktop/2026/3tb4/lab/Lab/3tb4/lab5/datapath.v Line: 12
    Warning (13410): Pin "mov" is stuck at GND File: C:/Users/sirep/OneDrive/Desktop/2026/3tb4/lab/Lab/3tb4/lab5/datapath.v Line: 12
    Warning (13410): Pin "mova" is stuck at GND File: C:/Users/sirep/OneDrive/Desktop/2026/3tb4/lab/Lab/3tb4/lab5/datapath.v Line: 12
    Warning (13410): Pin "movr" is stuck at GND File: C:/Users/sirep/OneDrive/Desktop/2026/3tb4/lab/Lab/3tb4/lab5/datapath.v Line: 12
    Warning (13410): Pin "movrhs" is stuck at GND File: C:/Users/sirep/OneDrive/Desktop/2026/3tb4/lab/Lab/3tb4/lab5/datapath.v Line: 12
    Warning (13410): Pin "pause" is stuck at GND File: C:/Users/sirep/OneDrive/Desktop/2026/3tb4/lab/Lab/3tb4/lab5/datapath.v Line: 12
    Warning (13410): Pin "delay_done" is stuck at GND File: C:/Users/sirep/OneDrive/Desktop/2026/3tb4/lab/Lab/3tb4/lab5/datapath.v Line: 13
    Warning (13410): Pin "temp_is_positive" is stuck at GND File: C:/Users/sirep/OneDrive/Desktop/2026/3tb4/lab/Lab/3tb4/lab5/datapath.v Line: 14
    Warning (13410): Pin "temp_is_negative" is stuck at GND File: C:/Users/sirep/OneDrive/Desktop/2026/3tb4/lab/Lab/3tb4/lab5/datapath.v Line: 14
    Warning (13410): Pin "temp_is_zero" is stuck at GND File: C:/Users/sirep/OneDrive/Desktop/2026/3tb4/lab/Lab/3tb4/lab5/datapath.v Line: 14
    Warning (13410): Pin "register0_is_zero" is stuck at GND File: C:/Users/sirep/OneDrive/Desktop/2026/3tb4/lab/Lab/3tb4/lab5/datapath.v Line: 15
Info (286030): Timing-Driven Synthesis is running
Info (17036): Removed 2 MSB VCC or GND address nodes from RAM block "stepper_rom:the_stepper_rom|altsyncram:altsyncram_component|altsyncram_7jg1:auto_generated|ALTSYNCRAM" File: C:/Users/sirep/OneDrive/Desktop/2026/3tb4/lab/Lab/3tb4/lab5/db/altsyncram_7jg1.tdf Line: 32
Info (17036): Removed 7 MSB VCC or GND address nodes from RAM block "instruction_rom:the_instruction_rom|altsyncram:altsyncram_component|altsyncram_k4h1:auto_generated|ALTSYNCRAM" File: C:/Users/sirep/OneDrive/Desktop/2026/3tb4/lab/Lab/3tb4/lab5/db/altsyncram_k4h1.tdf Line: 32
Info (17016): Found the following redundant logic cells in design
    Info (17048): Logic cell "w_instruction_out[7]" File: C:/Users/sirep/OneDrive/Desktop/2026/3tb4/lab/Lab/3tb4/lab5/datapath.v Line: 27
    Info (17048): Logic cell "w_instruction_out[6]" File: C:/Users/sirep/OneDrive/Desktop/2026/3tb4/lab/Lab/3tb4/lab5/datapath.v Line: 27
    Info (17048): Logic cell "w_instruction_out[5]" File: C:/Users/sirep/OneDrive/Desktop/2026/3tb4/lab/Lab/3tb4/lab5/datapath.v Line: 27
    Info (17048): Logic cell "w_instruction_out[4]" File: C:/Users/sirep/OneDrive/Desktop/2026/3tb4/lab/Lab/3tb4/lab5/datapath.v Line: 27
    Info (17048): Logic cell "w_instruction_out[3]" File: C:/Users/sirep/OneDrive/Desktop/2026/3tb4/lab/Lab/3tb4/lab5/datapath.v Line: 27
    Info (17048): Logic cell "w_instruction_out[2]" File: C:/Users/sirep/OneDrive/Desktop/2026/3tb4/lab/Lab/3tb4/lab5/datapath.v Line: 27
Warning (20013): Ignored 571 assignments for entity "DE1_SoC" -- entity does not exist in design
    Warning (20014): Assignment for entity set_instance_assignment -name PACKAGE_SKEW_COMPENSATION OFF -to HPS_DDR3_ADDR[0] -entity DE1_SoC was ignored
    Warning (20014): Assignment for entity set_instance_assignment -name PACKAGE_SKEW_COMPENSATION OFF -to HPS_DDR3_ADDR[10] -entity DE1_SoC was ignored
    Warning (20014): Assignment for entity set_instance_assignment -name PACKAGE_SKEW_COMPENSATION OFF -to HPS_DDR3_ADDR[11] -entity DE1_SoC was ignored
    Warning (20014): Assignment for entity set_instance_assignment -name PACKAGE_SKEW_COMPENSATION OFF -to HPS_DDR3_ADDR[12] -entity DE1_SoC was ignored
    Warning (20014): Assignment for entity set_instance_assignment -name PACKAGE_SKEW_COMPENSATION OFF -to HPS_DDR3_ADDR[13] -entity DE1_SoC was ignored
    Warning (20014): Assignment for entity set_instance_assignment -name PACKAGE_SKEW_COMPENSATION OFF -to HPS_DDR3_ADDR[14] -entity DE1_SoC was ignored
    Warning (20014): Assignment for entity set_instance_assignment -name PACKAGE_SKEW_COMPENSATION OFF -to HPS_DDR3_ADDR[1] -entity DE1_SoC was ignored
    Warning (20014): Assignment for entity set_instance_assignment -name PACKAGE_SKEW_COMPENSATION OFF -to HPS_DDR3_ADDR[2] -entity DE1_SoC was ignored
    Warning (20014): Assignment for entity set_instance_assignment -name PACKAGE_SKEW_COMPENSATION OFF -to HPS_DDR3_ADDR[3] -entity DE1_SoC was ignored
    Warning (20014): Assignment for entity set_instance_assignment -name PACKAGE_SKEW_COMPENSATION OFF -to HPS_DDR3_ADDR[4] -entity DE1_SoC was ignored
    Warning (20014): Assignment for entity set_instance_assignment -name PACKAGE_SKEW_COMPENSATION OFF -to HPS_DDR3_ADDR[5] -entity DE1_SoC was ignored
    Warning (20014): Assignment for entity set_instance_assignment -name PACKAGE_SKEW_COMPENSATION OFF -to HPS_DDR3_ADDR[6] -entity DE1_SoC was ignored
    Warning (20014): Assignment for entity set_instance_assignment -name PACKAGE_SKEW_COMPENSATION OFF -to HPS_DDR3_ADDR[7] -entity DE1_SoC was ignored
    Warning (20014): Assignment for entity set_instance_assignment -name PACKAGE_SKEW_COMPENSATION OFF -to HPS_DDR3_ADDR[8] -entity DE1_SoC was ignored
    Warning (20014): Assignment for entity set_instance_assignment -name PACKAGE_SKEW_COMPENSATION OFF -to HPS_DDR3_ADDR[9] -entity DE1_SoC was ignored
    Warning (20014): Assignment for entity set_instance_assignment -name PACKAGE_SKEW_COMPENSATION OFF -to HPS_DDR3_BA[0] -entity DE1_SoC was ignored
    Warning (20014): Assignment for entity set_instance_assignment -name PACKAGE_SKEW_COMPENSATION OFF -to HPS_DDR3_BA[1] -entity DE1_SoC was ignored
    Warning (20014): Assignment for entity set_instance_assignment -name PACKAGE_SKEW_COMPENSATION OFF -to HPS_DDR3_BA[2] -entity DE1_SoC was ignored
    Warning (20014): Assignment for entity set_instance_assignment -name PACKAGE_SKEW_COMPENSATION OFF -to HPS_DDR3_CAS_N -entity DE1_SoC was ignored
    Warning (20014): Assignment for entity set_instance_assignment -name PACKAGE_SKEW_COMPENSATION OFF -to HPS_DDR3_CKE -entity DE1_SoC was ignored
    Warning (20014): Assignment for entity set_instance_assignment -name PACKAGE_SKEW_COMPENSATION OFF -to HPS_DDR3_CK_N -entity DE1_SoC was ignored
    Warning (20014): Assignment for entity set_instance_assignment -name PACKAGE_SKEW_COMPENSATION OFF -to HPS_DDR3_CK_P -entity DE1_SoC was ignored
    Warning (20014): Assignment for entity set_instance_assignment -name PACKAGE_SKEW_COMPENSATION OFF -to HPS_DDR3_CS_N -entity DE1_SoC was ignored
    Warning (20014): Assignment for entity set_instance_assignment -name PACKAGE_SKEW_COMPENSATION OFF -to HPS_DDR3_DM[0] -entity DE1_SoC was ignored
    Warning (20014): Assignment for entity set_instance_assignment -name PACKAGE_SKEW_COMPENSATION OFF -to HPS_DDR3_DM[1] -entity DE1_SoC was ignored
    Warning (20014): Assignment for entity set_instance_assignment -name PACKAGE_SKEW_COMPENSATION OFF -to HPS_DDR3_DM[2] -entity DE1_SoC was ignored
    Warning (20014): Assignment for entity set_instance_assignment -name PACKAGE_SKEW_COMPENSATION OFF -to HPS_DDR3_DM[3] -entity DE1_SoC was ignored
    Warning (20014): Assignment for entity set_instance_assignment -name PACKAGE_SKEW_COMPENSATION OFF -to HPS_DDR3_DQS_N[0] -entity DE1_SoC was ignored
    Warning (20014): Assignment for entity set_instance_assignment -name PACKAGE_SKEW_COMPENSATION OFF -to HPS_DDR3_DQS_N[1] -entity DE1_SoC was ignored
    Warning (20014): Assignment for entity set_instance_assignment -name PACKAGE_SKEW_COMPENSATION OFF -to HPS_DDR3_DQS_N[2] -entity DE1_SoC was ignored
    Warning (20014): Assignment for entity set_instance_assignment -name PACKAGE_SKEW_COMPENSATION OFF -to HPS_DDR3_DQS_N[3] -entity DE1_SoC was ignored
    Warning (20014): Assignment for entity set_instance_assignment -name PACKAGE_SKEW_COMPENSATION OFF -to HPS_DDR3_DQS_P[0] -entity DE1_SoC was ignored
    Warning (20014): Assignment for entity set_instance_assignment -name PACKAGE_SKEW_COMPENSATION OFF -to HPS_DDR3_DQS_P[1] -entity DE1_SoC was ignored
    Warning (20014): Assignment for entity set_instance_assignment -name PACKAGE_SKEW_COMPENSATION OFF -to HPS_DDR3_DQS_P[2] -entity DE1_SoC was ignored
    Warning (20014): Assignment for entity set_instance_assignment -name PACKAGE_SKEW_COMPENSATION OFF -to HPS_DDR3_DQS_P[3] -entity DE1_SoC was ignored
    Warning (20014): Assignment for entity set_instance_assignment -name PACKAGE_SKEW_COMPENSATION OFF -to HPS_DDR3_DQ[0] -entity DE1_SoC was ignored
    Warning (20014): Assignment for entity set_instance_assignment -name PACKAGE_SKEW_COMPENSATION OFF -to HPS_DDR3_DQ[10] -entity DE1_SoC was ignored
    Warning (20014): Assignment for entity set_instance_assignment -name PACKAGE_SKEW_COMPENSATION OFF -to HPS_DDR3_DQ[11] -entity DE1_SoC was ignored
    Warning (20014): Assignment for entity set_instance_assignment -name PACKAGE_SKEW_COMPENSATION OFF -to HPS_DDR3_DQ[12] -entity DE1_SoC was ignored
    Warning (20014): Assignment for entity set_instance_assignment -name PACKAGE_SKEW_COMPENSATION OFF -to HPS_DDR3_DQ[13] -entity DE1_SoC was ignored
    Warning (20014): Assignment for entity set_instance_assignment -name PACKAGE_SKEW_COMPENSATION OFF -to HPS_DDR3_DQ[14] -entity DE1_SoC was ignored
    Warning (20014): Assignment for entity set_instance_assignment -name PACKAGE_SKEW_COMPENSATION OFF -to HPS_DDR3_DQ[15] -entity DE1_SoC was ignored
    Warning (20014): Assignment for entity set_instance_assignment -name PACKAGE_SKEW_COMPENSATION OFF -to HPS_DDR3_DQ[16] -entity DE1_SoC was ignored
    Warning (20014): Assignment for entity set_instance_assignment -name PACKAGE_SKEW_COMPENSATION OFF -to HPS_DDR3_DQ[17] -entity DE1_SoC was ignored
    Warning (20014): Assignment for entity set_instance_assignment -name PACKAGE_SKEW_COMPENSATION OFF -to HPS_DDR3_DQ[18] -entity DE1_SoC was ignored
    Warning (20014): Assignment for entity set_instance_assignment -name PACKAGE_SKEW_COMPENSATION OFF -to HPS_DDR3_DQ[19] -entity DE1_SoC was ignored
    Warning (20014): Assignment for entity set_instance_assignment -name PACKAGE_SKEW_COMPENSATION OFF -to HPS_DDR3_DQ[1] -entity DE1_SoC was ignored
    Warning (20014): Assignment for entity set_instance_assignment -name PACKAGE_SKEW_COMPENSATION OFF -to HPS_DDR3_DQ[20] -entity DE1_SoC was ignored
    Warning (20014): Assignment for entity set_instance_assignment -name PACKAGE_SKEW_COMPENSATION OFF -to HPS_DDR3_DQ[21] -entity DE1_SoC was ignored
    Warning (20014): Assignment for entity set_instance_assignment -name PACKAGE_SKEW_COMPENSATION OFF -to HPS_DDR3_DQ[22] -entity DE1_SoC was ignored
    Warning (20014): Assignment for entity set_instance_assignment -name PACKAGE_SKEW_COMPENSATION OFF -to HPS_DDR3_DQ[23] -entity DE1_SoC was ignored
    Warning (20014): Assignment for entity set_instance_assignment -name PACKAGE_SKEW_COMPENSATION OFF -to HPS_DDR3_DQ[24] -entity DE1_SoC was ignored
    Warning (20014): Assignment for entity set_instance_assignment -name PACKAGE_SKEW_COMPENSATION OFF -to HPS_DDR3_DQ[25] -entity DE1_SoC was ignored
    Warning (20014): Assignment for entity set_instance_assignment -name PACKAGE_SKEW_COMPENSATION OFF -to HPS_DDR3_DQ[26] -entity DE1_SoC was ignored
    Warning (20014): Assignment for entity set_instance_assignment -name PACKAGE_SKEW_COMPENSATION OFF -to HPS_DDR3_DQ[27] -entity DE1_SoC was ignored
    Warning (20014): Assignment for entity set_instance_assignment -name PACKAGE_SKEW_COMPENSATION OFF -to HPS_DDR3_DQ[28] -entity DE1_SoC was ignored
    Warning (20014): Assignment for entity set_instance_assignment -name PACKAGE_SKEW_COMPENSATION OFF -to HPS_DDR3_DQ[29] -entity DE1_SoC was ignored
    Warning (20014): Assignment for entity set_instance_assignment -name PACKAGE_SKEW_COMPENSATION OFF -to HPS_DDR3_DQ[2] -entity DE1_SoC was ignored
    Warning (20014): Assignment for entity set_instance_assignment -name PACKAGE_SKEW_COMPENSATION OFF -to HPS_DDR3_DQ[30] -entity DE1_SoC was ignored
    Warning (20014): Assignment for entity set_instance_assignment -name PACKAGE_SKEW_COMPENSATION OFF -to HPS_DDR3_DQ[31] -entity DE1_SoC was ignored
    Warning (20014): Assignment for entity set_instance_assignment -name PACKAGE_SKEW_COMPENSATION OFF -to HPS_DDR3_DQ[3] -entity DE1_SoC was ignored
    Warning (20014): Assignment for entity set_instance_assignment -name PACKAGE_SKEW_COMPENSATION OFF -to HPS_DDR3_DQ[4] -entity DE1_SoC was ignored
    Warning (20014): Assignment for entity set_instance_assignment -name PACKAGE_SKEW_COMPENSATION OFF -to HPS_DDR3_DQ[5] -entity DE1_SoC was ignored
    Warning (20014): Assignment for entity set_instance_assignment -name PACKAGE_SKEW_COMPENSATION OFF -to HPS_DDR3_DQ[6] -entity DE1_SoC was ignored
    Warning (20014): Assignment for entity set_instance_assignment -name PACKAGE_SKEW_COMPENSATION OFF -to HPS_DDR3_DQ[7] -entity DE1_SoC was ignored
    Warning (20014): Assignment for entity set_instance_assignment -name PACKAGE_SKEW_COMPENSATION OFF -to HPS_DDR3_DQ[8] -entity DE1_SoC was ignored
    Warning (20014): Assignment for entity set_instance_assignment -name PACKAGE_SKEW_COMPENSATION OFF -to HPS_DDR3_DQ[9] -entity DE1_SoC was ignored
    Warning (20014): Assignment for entity set_instance_assignment -name PACKAGE_SKEW_COMPENSATION OFF -to HPS_DDR3_ODT -entity DE1_SoC was ignored
    Warning (20014): Assignment for entity set_instance_assignment -name PACKAGE_SKEW_COMPENSATION OFF -to HPS_DDR3_RAS_N -entity DE1_SoC was ignored
    Warning (20014): Assignment for entity set_instance_assignment -name PACKAGE_SKEW_COMPENSATION OFF -to HPS_DDR3_RESET_N -entity DE1_SoC was ignored
    Warning (20014): Assignment for entity set_instance_assignment -name PACKAGE_SKEW_COMPENSATION OFF -to HPS_DDR3_WE_N -entity DE1_SoC was ignored
    Warning (20014): Assignment for entity set_instance_assignment -name IO_STANDARD "3.3-V LVTTL" -to ADC_CS_N -entity DE1_SoC was ignored
    Warning (20014): Assignment for entity set_instance_assignment -name IO_STANDARD "3.3-V LVTTL" -to ADC_DIN -entity DE1_SoC was ignored
    Warning (20014): Assignment for entity set_instance_assignment -name IO_STANDARD "3.3-V LVTTL" -to ADC_DOUT -entity DE1_SoC was ignored
    Warning (20014): Assignment for entity set_instance_assignment -name IO_STANDARD "3.3-V LVTTL" -to ADC_SCLK -entity DE1_SoC was ignored
    Warning (20014): Assignment for entity set_instance_assignment -name IO_STANDARD "3.3-V LVTTL" -to AUD_ADCDAT -entity DE1_SoC was ignored
    Warning (20014): Assignment for entity set_instance_assignment -name IO_STANDARD "3.3-V LVTTL" -to AUD_ADCLRCK -entity DE1_SoC was ignored
    Warning (20014): Assignment for entity set_instance_assignment -name IO_STANDARD "3.3-V LVTTL" -to AUD_BCLK -entity DE1_SoC was ignored
    Warning (20014): Assignment for entity set_instance_assignment -name IO_STANDARD "3.3-V LVTTL" -to AUD_DACDAT -entity DE1_SoC was ignored
    Warning (20014): Assignment for entity set_instance_assignment -name IO_STANDARD "3.3-V LVTTL" -to AUD_DACLRCK -entity DE1_SoC was ignored
    Warning (20014): Assignment for entity set_instance_assignment -name IO_STANDARD "3.3-V LVTTL" -to AUD_XCK -entity DE1_SoC was ignored
    Warning (20014): Assignment for entity set_instance_assignment -name IO_STANDARD "3.3-V LVTTL" -to CLOCK2_50 -entity DE1_SoC was ignored
    Warning (20014): Assignment for entity set_instance_assignment -name IO_STANDARD "3.3-V LVTTL" -to CLOCK3_50 -entity DE1_SoC was ignored
    Warning (20014): Assignment for entity set_instance_assignment -name IO_STANDARD "3.3-V LVTTL" -to CLOCK4_50 -entity DE1_SoC was ignored
    Warning (20014): Assignment for entity set_instance_assignment -name IO_STANDARD "3.3-V LVTTL" -to CLOCK_50 -entity DE1_SoC was ignored
    Warning (20014): Assignment for entity set_instance_assignment -name IO_STANDARD "3.3-V LVTTL" -to DRAM_ADDR[0] -entity DE1_SoC was ignored
    Warning (20014): Assignment for entity set_instance_assignment -name IO_STANDARD "3.3-V LVTTL" -to DRAM_ADDR[10] -entity DE1_SoC was ignored
    Warning (20014): Assignment for entity set_instance_assignment -name IO_STANDARD "3.3-V LVTTL" -to DRAM_ADDR[11] -entity DE1_SoC was ignored
    Warning (20014): Assignment for entity set_instance_assignment -name IO_STANDARD "3.3-V LVTTL" -to DRAM_ADDR[12] -entity DE1_SoC was ignored
    Warning (20014): Assignment for entity set_instance_assignment -name IO_STANDARD "3.3-V LVTTL" -to DRAM_ADDR[1] -entity DE1_SoC was ignored
    Warning (20014): Assignment for entity set_instance_assignment -name IO_STANDARD "3.3-V LVTTL" -to DRAM_ADDR[2] -entity DE1_SoC was ignored
    Warning (20014): Assignment for entity set_instance_assignment -name IO_STANDARD "3.3-V LVTTL" -to DRAM_ADDR[3] -entity DE1_SoC was ignored
    Warning (20014): Assignment for entity set_instance_assignment -name IO_STANDARD "3.3-V LVTTL" -to DRAM_ADDR[4] -entity DE1_SoC was ignored
    Warning (20014): Assignment for entity set_instance_assignment -name IO_STANDARD "3.3-V LVTTL" -to DRAM_ADDR[5] -entity DE1_SoC was ignored
    Warning (20014): Assignment for entity set_instance_assignment -name IO_STANDARD "3.3-V LVTTL" -to DRAM_ADDR[6] -entity DE1_SoC was ignored
    Warning (20014): Assignment for entity set_instance_assignment -name IO_STANDARD "3.3-V LVTTL" -to DRAM_ADDR[7] -entity DE1_SoC was ignored
    Warning (20014): Assignment for entity set_instance_assignment -name IO_STANDARD "3.3-V LVTTL" -to DRAM_ADDR[8] -entity DE1_SoC was ignored
    Warning (20014): Assignment for entity set_instance_assignment -name IO_STANDARD "3.3-V LVTTL" -to DRAM_ADDR[9] -entity DE1_SoC was ignored
    Warning (20014): Assignment for entity set_instance_assignment -name IO_STANDARD "3.3-V LVTTL" -to DRAM_BA[0] -entity DE1_SoC was ignored
    Warning (20014): Assignment for entity set_instance_assignment -name IO_STANDARD "3.3-V LVTTL" -to DRAM_BA[1] -entity DE1_SoC was ignored
    Warning (20014): Assignment for entity set_instance_assignment -name IO_STANDARD "3.3-V LVTTL" -to DRAM_CAS_N -entity DE1_SoC was ignored
    Warning (20014): Assignment for entity set_instance_assignment -name IO_STANDARD "3.3-V LVTTL" -to DRAM_CKE -entity DE1_SoC was ignored
    Warning (20014): Assignment for entity set_instance_assignment -name IO_STANDARD "3.3-V LVTTL" -to DRAM_CLK -entity DE1_SoC was ignored
    Warning (20014): Assignment for entity set_instance_assignment -name IO_STANDARD "3.3-V LVTTL" -to DRAM_CS_N -entity DE1_SoC was ignored
    Warning (20014): Assignment for entity set_instance_assignment -name IO_STANDARD "3.3-V LVTTL" -to DRAM_DQ[0] -entity DE1_SoC was ignored
    Warning (20014): Assignment for entity set_instance_assignment -name IO_STANDARD "3.3-V LVTTL" -to DRAM_DQ[10] -entity DE1_SoC was ignored
    Warning (20014): Assignment for entity set_instance_assignment -name IO_STANDARD "3.3-V LVTTL" -to DRAM_DQ[11] -entity DE1_SoC was ignored
    Warning (20014): Assignment for entity set_instance_assignment -name IO_STANDARD "3.3-V LVTTL" -to DRAM_DQ[12] -entity DE1_SoC was ignored
    Warning (20014): Assignment for entity set_instance_assignment -name IO_STANDARD "3.3-V LVTTL" -to DRAM_DQ[13] -entity DE1_SoC was ignored
    Warning (20014): Assignment for entity set_instance_assignment -name IO_STANDARD "3.3-V LVTTL" -to DRAM_DQ[14] -entity DE1_SoC was ignored
    Warning (20014): Assignment for entity set_instance_assignment -name IO_STANDARD "3.3-V LVTTL" -to DRAM_DQ[15] -entity DE1_SoC was ignored
    Warning (20014): Assignment for entity set_instance_assignment -name IO_STANDARD "3.3-V LVTTL" -to DRAM_DQ[1] -entity DE1_SoC was ignored
    Warning (20014): Assignment for entity set_instance_assignment -name IO_STANDARD "3.3-V LVTTL" -to DRAM_DQ[2] -entity DE1_SoC was ignored
    Warning (20014): Assignment for entity set_instance_assignment -name IO_STANDARD "3.3-V LVTTL" -to DRAM_DQ[3] -entity DE1_SoC was ignored
    Warning (20014): Assignment for entity set_instance_assignment -name IO_STANDARD "3.3-V LVTTL" -to DRAM_DQ[4] -entity DE1_SoC was ignored
    Warning (20014): Assignment for entity set_instance_assignment -name IO_STANDARD "3.3-V LVTTL" -to DRAM_DQ[5] -entity DE1_SoC was ignored
    Warning (20014): Assignment for entity set_instance_assignment -name IO_STANDARD "3.3-V LVTTL" -to DRAM_DQ[6] -entity DE1_SoC was ignored
    Warning (20014): Assignment for entity set_instance_assignment -name IO_STANDARD "3.3-V LVTTL" -to DRAM_DQ[7] -entity DE1_SoC was ignored
    Warning (20014): Assignment for entity set_instance_assignment -name IO_STANDARD "3.3-V LVTTL" -to DRAM_DQ[8] -entity DE1_SoC was ignored
    Warning (20014): Assignment for entity set_instance_assignment -name IO_STANDARD "3.3-V LVTTL" -to DRAM_DQ[9] -entity DE1_SoC was ignored
    Warning (20014): Assignment for entity set_instance_assignment -name IO_STANDARD "3.3-V LVTTL" -to DRAM_LDQM -entity DE1_SoC was ignored
    Warning (20014): Assignment for entity set_instance_assignment -name IO_STANDARD "3.3-V LVTTL" -to DRAM_RAS_N -entity DE1_SoC was ignored
    Warning (20014): Assignment for entity set_instance_assignment -name IO_STANDARD "3.3-V LVTTL" -to DRAM_UDQM -entity DE1_SoC was ignored
    Warning (20014): Assignment for entity set_instance_assignment -name IO_STANDARD "3.3-V LVTTL" -to DRAM_WE_N -entity DE1_SoC was ignored
    Warning (20014): Assignment for entity set_instance_assignment -name IO_STANDARD "3.3-V LVTTL" -to FAN_CTRL -entity DE1_SoC was ignored
    Warning (20014): Assignment for entity set_instance_assignment -name IO_STANDARD "3.3-V LVTTL" -to FPGA_I2C_SCLK -entity DE1_SoC was ignored
    Warning (20014): Assignment for entity set_instance_assignment -name IO_STANDARD "3.3-V LVTTL" -to FPGA_I2C_SDAT -entity DE1_SoC was ignored
    Warning (20014): Assignment for entity set_instance_assignment -name IO_STANDARD "3.3-V LVTTL" -to GPIO_0[0] -entity DE1_SoC was ignored
    Warning (20014): Assignment for entity set_instance_assignment -name IO_STANDARD "3.3-V LVTTL" -to GPIO_0[10] -entity DE1_SoC was ignored
    Warning (20014): Assignment for entity set_instance_assignment -name IO_STANDARD "3.3-V LVTTL" -to GPIO_0[11] -entity DE1_SoC was ignored
    Warning (20014): Assignment for entity set_instance_assignment -name IO_STANDARD "3.3-V LVTTL" -to GPIO_0[12] -entity DE1_SoC was ignored
    Warning (20014): Assignment for entity set_instance_assignment -name IO_STANDARD "3.3-V LVTTL" -to GPIO_0[13] -entity DE1_SoC was ignored
    Warning (20014): Assignment for entity set_instance_assignment -name IO_STANDARD "3.3-V LVTTL" -to GPIO_0[14] -entity DE1_SoC was ignored
    Warning (20014): Assignment for entity set_instance_assignment -name IO_STANDARD "3.3-V LVTTL" -to GPIO_0[15] -entity DE1_SoC was ignored
    Warning (20014): Assignment for entity set_instance_assignment -name IO_STANDARD "3.3-V LVTTL" -to GPIO_0[16] -entity DE1_SoC was ignored
    Warning (20014): Assignment for entity set_instance_assignment -name IO_STANDARD "3.3-V LVTTL" -to GPIO_0[17] -entity DE1_SoC was ignored
    Warning (20014): Assignment for entity set_instance_assignment -name IO_STANDARD "3.3-V LVTTL" -to GPIO_0[18] -entity DE1_SoC was ignored
    Warning (20014): Assignment for entity set_instance_assignment -name IO_STANDARD "3.3-V LVTTL" -to GPIO_0[19] -entity DE1_SoC was ignored
    Warning (20014): Assignment for entity set_instance_assignment -name IO_STANDARD "3.3-V LVTTL" -to GPIO_0[1] -entity DE1_SoC was ignored
    Warning (20014): Assignment for entity set_instance_assignment -name IO_STANDARD "3.3-V LVTTL" -to GPIO_0[20] -entity DE1_SoC was ignored
    Warning (20014): Assignment for entity set_instance_assignment -name IO_STANDARD "3.3-V LVTTL" -to GPIO_0[21] -entity DE1_SoC was ignored
    Warning (20014): Assignment for entity set_instance_assignment -name IO_STANDARD "3.3-V LVTTL" -to GPIO_0[22] -entity DE1_SoC was ignored
    Warning (20014): Assignment for entity set_instance_assignment -name IO_STANDARD "3.3-V LVTTL" -to GPIO_0[23] -entity DE1_SoC was ignored
    Warning (20014): Assignment for entity set_instance_assignment -name IO_STANDARD "3.3-V LVTTL" -to GPIO_0[24] -entity DE1_SoC was ignored
    Warning (20014): Assignment for entity set_instance_assignment -name IO_STANDARD "3.3-V LVTTL" -to GPIO_0[25] -entity DE1_SoC was ignored
    Warning (20014): Assignment for entity set_instance_assignment -name IO_STANDARD "3.3-V LVTTL" -to GPIO_0[26] -entity DE1_SoC was ignored
    Warning (20014): Assignment for entity set_instance_assignment -name IO_STANDARD "3.3-V LVTTL" -to GPIO_0[27] -entity DE1_SoC was ignored
    Warning (20014): Assignment for entity set_instance_assignment -name IO_STANDARD "3.3-V LVTTL" -to GPIO_0[28] -entity DE1_SoC was ignored
    Warning (20014): Assignment for entity set_instance_assignment -name IO_STANDARD "3.3-V LVTTL" -to GPIO_0[29] -entity DE1_SoC was ignored
    Warning (20014): Assignment for entity set_instance_assignment -name IO_STANDARD "3.3-V LVTTL" -to GPIO_0[2] -entity DE1_SoC was ignored
    Warning (20014): Assignment for entity set_instance_assignment -name IO_STANDARD "3.3-V LVTTL" -to GPIO_0[30] -entity DE1_SoC was ignored
    Warning (20014): Assignment for entity set_instance_assignment -name IO_STANDARD "3.3-V LVTTL" -to GPIO_0[31] -entity DE1_SoC was ignored
    Warning (20014): Assignment for entity set_instance_assignment -name IO_STANDARD "3.3-V LVTTL" -to GPIO_0[32] -entity DE1_SoC was ignored
    Warning (20014): Assignment for entity set_instance_assignment -name IO_STANDARD "3.3-V LVTTL" -to GPIO_0[33] -entity DE1_SoC was ignored
    Warning (20014): Assignment for entity set_instance_assignment -name IO_STANDARD "3.3-V LVTTL" -to GPIO_0[34] -entity DE1_SoC was ignored
    Warning (20014): Assignment for entity set_instance_assignment -name IO_STANDARD "3.3-V LVTTL" -to GPIO_0[35] -entity DE1_SoC was ignored
    Warning (20014): Assignment for entity set_instance_assignment -name IO_STANDARD "3.3-V LVTTL" -to GPIO_0[3] -entity DE1_SoC was ignored
    Warning (20014): Assignment for entity set_instance_assignment -name IO_STANDARD "3.3-V LVTTL" -to GPIO_0[4] -entity DE1_SoC was ignored
    Warning (20014): Assignment for entity set_instance_assignment -name IO_STANDARD "3.3-V LVTTL" -to GPIO_0[5] -entity DE1_SoC was ignored
    Warning (20014): Assignment for entity set_instance_assignment -name IO_STANDARD "3.3-V LVTTL" -to GPIO_0[6] -entity DE1_SoC was ignored
    Warning (20014): Assignment for entity set_instance_assignment -name IO_STANDARD "3.3-V LVTTL" -to GPIO_0[7] -entity DE1_SoC was ignored
    Warning (20014): Assignment for entity set_instance_assignment -name IO_STANDARD "3.3-V LVTTL" -to GPIO_0[8] -entity DE1_SoC was ignored
    Warning (20014): Assignment for entity set_instance_assignment -name IO_STANDARD "3.3-V LVTTL" -to GPIO_0[9] -entity DE1_SoC was ignored
    Warning (20014): Assignment for entity set_instance_assignment -name IO_STANDARD "3.3-V LVTTL" -to GPIO_1[0] -entity DE1_SoC was ignored
    Warning (20014): Assignment for entity set_instance_assignment -name IO_STANDARD "3.3-V LVTTL" -to GPIO_1[10] -entity DE1_SoC was ignored
    Warning (20014): Assignment for entity set_instance_assignment -name IO_STANDARD "3.3-V LVTTL" -to GPIO_1[11] -entity DE1_SoC was ignored
    Warning (20014): Assignment for entity set_instance_assignment -name IO_STANDARD "3.3-V LVTTL" -to GPIO_1[12] -entity DE1_SoC was ignored
    Warning (20014): Assignment for entity set_instance_assignment -name IO_STANDARD "3.3-V LVTTL" -to GPIO_1[13] -entity DE1_SoC was ignored
    Warning (20014): Assignment for entity set_instance_assignment -name IO_STANDARD "3.3-V LVTTL" -to GPIO_1[14] -entity DE1_SoC was ignored
    Warning (20014): Assignment for entity set_instance_assignment -name IO_STANDARD "3.3-V LVTTL" -to GPIO_1[15] -entity DE1_SoC was ignored
    Warning (20014): Assignment for entity set_instance_assignment -name IO_STANDARD "3.3-V LVTTL" -to GPIO_1[16] -entity DE1_SoC was ignored
    Warning (20014): Assignment for entity set_instance_assignment -name IO_STANDARD "3.3-V LVTTL" -to GPIO_1[17] -entity DE1_SoC was ignored
    Warning (20014): Assignment for entity set_instance_assignment -name IO_STANDARD "3.3-V LVTTL" -to GPIO_1[18] -entity DE1_SoC was ignored
    Warning (20014): Assignment for entity set_instance_assignment -name IO_STANDARD "3.3-V LVTTL" -to GPIO_1[19] -entity DE1_SoC was ignored
    Warning (20014): Assignment for entity set_instance_assignment -name IO_STANDARD "3.3-V LVTTL" -to GPIO_1[1] -entity DE1_SoC was ignored
    Warning (20014): Assignment for entity set_instance_assignment -name IO_STANDARD "3.3-V LVTTL" -to GPIO_1[20] -entity DE1_SoC was ignored
    Warning (20014): Assignment for entity set_instance_assignment -name IO_STANDARD "3.3-V LVTTL" -to GPIO_1[21] -entity DE1_SoC was ignored
    Warning (20014): Assignment for entity set_instance_assignment -name IO_STANDARD "3.3-V LVTTL" -to GPIO_1[22] -entity DE1_SoC was ignored
    Warning (20014): Assignment for entity set_instance_assignment -name IO_STANDARD "3.3-V LVTTL" -to GPIO_1[23] -entity DE1_SoC was ignored
    Warning (20014): Assignment for entity set_instance_assignment -name IO_STANDARD "3.3-V LVTTL" -to GPIO_1[24] -entity DE1_SoC was ignored
    Warning (20014): Assignment for entity set_instance_assignment -name IO_STANDARD "3.3-V LVTTL" -to GPIO_1[25] -entity DE1_SoC was ignored
    Warning (20014): Assignment for entity set_instance_assignment -name IO_STANDARD "3.3-V LVTTL" -to GPIO_1[26] -entity DE1_SoC was ignored
    Warning (20014): Assignment for entity set_instance_assignment -name IO_STANDARD "3.3-V LVTTL" -to GPIO_1[27] -entity DE1_SoC was ignored
    Warning (20014): Assignment for entity set_instance_assignment -name IO_STANDARD "3.3-V LVTTL" -to GPIO_1[28] -entity DE1_SoC was ignored
    Warning (20014): Assignment for entity set_instance_assignment -name IO_STANDARD "3.3-V LVTTL" -to GPIO_1[29] -entity DE1_SoC was ignored
    Warning (20014): Assignment for entity set_instance_assignment -name IO_STANDARD "3.3-V LVTTL" -to GPIO_1[2] -entity DE1_SoC was ignored
    Warning (20014): Assignment for entity set_instance_assignment -name IO_STANDARD "3.3-V LVTTL" -to GPIO_1[30] -entity DE1_SoC was ignored
    Warning (20014): Assignment for entity set_instance_assignment -name IO_STANDARD "3.3-V LVTTL" -to GPIO_1[31] -entity DE1_SoC was ignored
    Warning (20014): Assignment for entity set_instance_assignment -name IO_STANDARD "3.3-V LVTTL" -to GPIO_1[32] -entity DE1_SoC was ignored
    Warning (20014): Assignment for entity set_instance_assignment -name IO_STANDARD "3.3-V LVTTL" -to GPIO_1[33] -entity DE1_SoC was ignored
    Warning (20014): Assignment for entity set_instance_assignment -name IO_STANDARD "3.3-V LVTTL" -to GPIO_1[34] -entity DE1_SoC was ignored
    Warning (20014): Assignment for entity set_instance_assignment -name IO_STANDARD "3.3-V LVTTL" -to GPIO_1[35] -entity DE1_SoC was ignored
    Warning (20014): Assignment for entity set_instance_assignment -name IO_STANDARD "3.3-V LVTTL" -to GPIO_1[3] -entity DE1_SoC was ignored
    Warning (20014): Assignment for entity set_instance_assignment -name IO_STANDARD "3.3-V LVTTL" -to GPIO_1[4] -entity DE1_SoC was ignored
    Warning (20014): Assignment for entity set_instance_assignment -name IO_STANDARD "3.3-V LVTTL" -to GPIO_1[5] -entity DE1_SoC was ignored
    Warning (20014): Assignment for entity set_instance_assignment -name IO_STANDARD "3.3-V LVTTL" -to GPIO_1[6] -entity DE1_SoC was ignored
    Warning (20014): Assignment for entity set_instance_assignment -name IO_STANDARD "3.3-V LVTTL" -to GPIO_1[7] -entity DE1_SoC was ignored
    Warning (20014): Assignment for entity set_instance_assignment -name IO_STANDARD "3.3-V LVTTL" -to GPIO_1[8] -entity DE1_SoC was ignored
    Warning (20014): Assignment for entity set_instance_assignment -name IO_STANDARD "3.3-V LVTTL" -to GPIO_1[9] -entity DE1_SoC was ignored
    Warning (20014): Assignment for entity set_instance_assignment -name IO_STANDARD "3.3-V LVTTL" -to HEX0[0] -entity DE1_SoC was ignored
    Warning (20014): Assignment for entity set_instance_assignment -name IO_STANDARD "3.3-V LVTTL" -to HEX0[1] -entity DE1_SoC was ignored
    Warning (20014): Assignment for entity set_instance_assignment -name IO_STANDARD "3.3-V LVTTL" -to HEX0[2] -entity DE1_SoC was ignored
    Warning (20014): Assignment for entity set_instance_assignment -name IO_STANDARD "3.3-V LVTTL" -to HEX0[3] -entity DE1_SoC was ignored
    Warning (20014): Assignment for entity set_instance_assignment -name IO_STANDARD "3.3-V LVTTL" -to HEX0[4] -entity DE1_SoC was ignored
    Warning (20014): Assignment for entity set_instance_assignment -name IO_STANDARD "3.3-V LVTTL" -to HEX0[5] -entity DE1_SoC was ignored
    Warning (20014): Assignment for entity set_instance_assignment -name IO_STANDARD "3.3-V LVTTL" -to HEX0[6] -entity DE1_SoC was ignored
    Warning (20014): Assignment for entity set_instance_assignment -name IO_STANDARD "3.3-V LVTTL" -to HEX1[0] -entity DE1_SoC was ignored
    Warning (20014): Assignment for entity set_instance_assignment -name IO_STANDARD "3.3-V LVTTL" -to HEX1[1] -entity DE1_SoC was ignored
    Warning (20014): Assignment for entity set_instance_assignment -name IO_STANDARD "3.3-V LVTTL" -to HEX1[2] -entity DE1_SoC was ignored
    Warning (20014): Assignment for entity set_instance_assignment -name IO_STANDARD "3.3-V LVTTL" -to HEX1[3] -entity DE1_SoC was ignored
    Warning (20014): Assignment for entity set_instance_assignment -name IO_STANDARD "3.3-V LVTTL" -to HEX1[4] -entity DE1_SoC was ignored
    Warning (20014): Assignment for entity set_instance_assignment -name IO_STANDARD "3.3-V LVTTL" -to HEX1[5] -entity DE1_SoC was ignored
    Warning (20014): Assignment for entity set_instance_assignment -name IO_STANDARD "3.3-V LVTTL" -to HEX1[6] -entity DE1_SoC was ignored
    Warning (20014): Assignment for entity set_instance_assignment -name IO_STANDARD "3.3-V LVTTL" -to HEX2[0] -entity DE1_SoC was ignored
    Warning (20014): Assignment for entity set_instance_assignment -name IO_STANDARD "3.3-V LVTTL" -to HEX2[1] -entity DE1_SoC was ignored
    Warning (20014): Assignment for entity set_instance_assignment -name IO_STANDARD "3.3-V LVTTL" -to HEX2[2] -entity DE1_SoC was ignored
    Warning (20014): Assignment for entity set_instance_assignment -name IO_STANDARD "3.3-V LVTTL" -to HEX2[3] -entity DE1_SoC was ignored
    Warning (20014): Assignment for entity set_instance_assignment -name IO_STANDARD "3.3-V LVTTL" -to HEX2[4] -entity DE1_SoC was ignored
    Warning (20014): Assignment for entity set_instance_assignment -name IO_STANDARD "3.3-V LVTTL" -to HEX2[5] -entity DE1_SoC was ignored
    Warning (20014): Assignment for entity set_instance_assignment -name IO_STANDARD "3.3-V LVTTL" -to HEX2[6] -entity DE1_SoC was ignored
    Warning (20014): Assignment for entity set_instance_assignment -name IO_STANDARD "3.3-V LVTTL" -to HEX3[0] -entity DE1_SoC was ignored
    Warning (20014): Assignment for entity set_instance_assignment -name IO_STANDARD "3.3-V LVTTL" -to HEX3[1] -entity DE1_SoC was ignored
    Warning (20014): Assignment for entity set_instance_assignment -name IO_STANDARD "3.3-V LVTTL" -to HEX3[2] -entity DE1_SoC was ignored
    Warning (20014): Assignment for entity set_instance_assignment -name IO_STANDARD "3.3-V LVTTL" -to HEX3[3] -entity DE1_SoC was ignored
    Warning (20014): Assignment for entity set_instance_assignment -name IO_STANDARD "3.3-V LVTTL" -to HEX3[4] -entity DE1_SoC was ignored
    Warning (20014): Assignment for entity set_instance_assignment -name IO_STANDARD "3.3-V LVTTL" -to HEX3[5] -entity DE1_SoC was ignored
    Warning (20014): Assignment for entity set_instance_assignment -name IO_STANDARD "3.3-V LVTTL" -to HEX3[6] -entity DE1_SoC was ignored
    Warning (20014): Assignment for entity set_instance_assignment -name IO_STANDARD "3.3-V LVTTL" -to HEX4[0] -entity DE1_SoC was ignored
    Warning (20014): Assignment for entity set_instance_assignment -name IO_STANDARD "3.3-V LVTTL" -to HEX4[1] -entity DE1_SoC was ignored
    Warning (20014): Assignment for entity set_instance_assignment -name IO_STANDARD "3.3-V LVTTL" -to HEX4[2] -entity DE1_SoC was ignored
    Warning (20014): Assignment for entity set_instance_assignment -name IO_STANDARD "3.3-V LVTTL" -to HEX4[3] -entity DE1_SoC was ignored
    Warning (20014): Assignment for entity set_instance_assignment -name IO_STANDARD "3.3-V LVTTL" -to HEX4[4] -entity DE1_SoC was ignored
    Warning (20014): Assignment for entity set_instance_assignment -name IO_STANDARD "3.3-V LVTTL" -to HEX4[5] -entity DE1_SoC was ignored
    Warning (20014): Assignment for entity set_instance_assignment -name IO_STANDARD "3.3-V LVTTL" -to HEX4[6] -entity DE1_SoC was ignored
    Warning (20014): Assignment for entity set_instance_assignment -name IO_STANDARD "3.3-V LVTTL" -to HEX5[0] -entity DE1_SoC was ignored
    Warning (20014): Assignment for entity set_instance_assignment -name IO_STANDARD "3.3-V LVTTL" -to HEX5[1] -entity DE1_SoC was ignored
    Warning (20014): Assignment for entity set_instance_assignment -name IO_STANDARD "3.3-V LVTTL" -to HEX5[2] -entity DE1_SoC was ignored
    Warning (20014): Assignment for entity set_instance_assignment -name IO_STANDARD "3.3-V LVTTL" -to HEX5[3] -entity DE1_SoC was ignored
    Warning (20014): Assignment for entity set_instance_assignment -name IO_STANDARD "3.3-V LVTTL" -to HEX5[4] -entity DE1_SoC was ignored
    Warning (20014): Assignment for entity set_instance_assignment -name IO_STANDARD "3.3-V LVTTL" -to HEX5[5] -entity DE1_SoC was ignored
    Warning (20014): Assignment for entity set_instance_assignment -name IO_STANDARD "3.3-V LVTTL" -to HEX5[6] -entity DE1_SoC was ignored
    Warning (20014): Assignment for entity set_instance_assignment -name IO_STANDARD "3.3-V LVTTL" -to HPS_CONV_USB_N -entity DE1_SoC was ignored
    Warning (20014): Assignment for entity set_instance_assignment -name IO_STANDARD "SSTL-15 CLASS I" -to HPS_DDR3_ADDR[0] -entity DE1_SoC was ignored
    Warning (20014): Assignment for entity set_instance_assignment -name IO_STANDARD "SSTL-15 CLASS I" -to HPS_DDR3_ADDR[10] -entity DE1_SoC was ignored
    Warning (20014): Assignment for entity set_instance_assignment -name IO_STANDARD "SSTL-15 CLASS I" -to HPS_DDR3_ADDR[11] -entity DE1_SoC was ignored
    Warning (20014): Assignment for entity set_instance_assignment -name IO_STANDARD "SSTL-15 CLASS I" -to HPS_DDR3_ADDR[12] -entity DE1_SoC was ignored
    Warning (20014): Assignment for entity set_instance_assignment -name IO_STANDARD "SSTL-15 CLASS I" -to HPS_DDR3_ADDR[13] -entity DE1_SoC was ignored
    Warning (20014): Assignment for entity set_instance_assignment -name IO_STANDARD "SSTL-15 CLASS I" -to HPS_DDR3_ADDR[14] -entity DE1_SoC was ignored
    Warning (20014): Assignment for entity set_instance_assignment -name IO_STANDARD "SSTL-15 CLASS I" -to HPS_DDR3_ADDR[1] -entity DE1_SoC was ignored
    Warning (20014): Assignment for entity set_instance_assignment -name IO_STANDARD "SSTL-15 CLASS I" -to HPS_DDR3_ADDR[2] -entity DE1_SoC was ignored
    Warning (20014): Assignment for entity set_instance_assignment -name IO_STANDARD "SSTL-15 CLASS I" -to HPS_DDR3_ADDR[3] -entity DE1_SoC was ignored
    Warning (20014): Assignment for entity set_instance_assignment -name IO_STANDARD "SSTL-15 CLASS I" -to HPS_DDR3_ADDR[4] -entity DE1_SoC was ignored
    Warning (20014): Assignment for entity set_instance_assignment -name IO_STANDARD "SSTL-15 CLASS I" -to HPS_DDR3_ADDR[5] -entity DE1_SoC was ignored
    Warning (20014): Assignment for entity set_instance_assignment -name IO_STANDARD "SSTL-15 CLASS I" -to HPS_DDR3_ADDR[6] -entity DE1_SoC was ignored
    Warning (20014): Assignment for entity set_instance_assignment -name IO_STANDARD "SSTL-15 CLASS I" -to HPS_DDR3_ADDR[7] -entity DE1_SoC was ignored
    Warning (20014): Assignment for entity set_instance_assignment -name IO_STANDARD "SSTL-15 CLASS I" -to HPS_DDR3_ADDR[8] -entity DE1_SoC was ignored
    Warning (20014): Assignment for entity set_instance_assignment -name IO_STANDARD "SSTL-15 CLASS I" -to HPS_DDR3_ADDR[9] -entity DE1_SoC was ignored
    Warning (20014): Assignment for entity set_instance_assignment -name IO_STANDARD "SSTL-15 CLASS I" -to HPS_DDR3_BA[0] -entity DE1_SoC was ignored
    Warning (20014): Assignment for entity set_instance_assignment -name IO_STANDARD "SSTL-15 CLASS I" -to HPS_DDR3_BA[1] -entity DE1_SoC was ignored
    Warning (20014): Assignment for entity set_instance_assignment -name IO_STANDARD "SSTL-15 CLASS I" -to HPS_DDR3_BA[2] -entity DE1_SoC was ignored
    Warning (20014): Assignment for entity set_instance_assignment -name IO_STANDARD "SSTL-15 CLASS I" -to HPS_DDR3_CAS_N -entity DE1_SoC was ignored
    Warning (20014): Assignment for entity set_instance_assignment -name IO_STANDARD "SSTL-15 CLASS I" -to HPS_DDR3_CKE -entity DE1_SoC was ignored
    Warning (20014): Assignment for entity set_instance_assignment -name IO_STANDARD "DIFFERENTIAL 1.5-V SSTL CLASS I" -to HPS_DDR3_CK_N -entity DE1_SoC was ignored
    Warning (20014): Assignment for entity set_instance_assignment -name IO_STANDARD "DIFFERENTIAL 1.5-V SSTL CLASS I" -to HPS_DDR3_CK_P -entity DE1_SoC was ignored
    Warning (20014): Assignment for entity set_instance_assignment -name IO_STANDARD "SSTL-15 CLASS I" -to HPS_DDR3_CS_N -entity DE1_SoC was ignored
    Warning (20014): Assignment for entity set_instance_assignment -name IO_STANDARD "SSTL-15 CLASS I" -to HPS_DDR3_DM[0] -entity DE1_SoC was ignored
    Warning (20014): Assignment for entity set_instance_assignment -name IO_STANDARD "SSTL-15 CLASS I" -to HPS_DDR3_DM[1] -entity DE1_SoC was ignored
    Warning (20014): Assignment for entity set_instance_assignment -name IO_STANDARD "SSTL-15 CLASS I" -to HPS_DDR3_DM[2] -entity DE1_SoC was ignored
    Warning (20014): Assignment for entity set_instance_assignment -name IO_STANDARD "SSTL-15 CLASS I" -to HPS_DDR3_DM[3] -entity DE1_SoC was ignored
    Warning (20014): Assignment for entity set_instance_assignment -name IO_STANDARD "DIFFERENTIAL 1.5-V SSTL CLASS I" -to HPS_DDR3_DQS_N[0] -entity DE1_SoC was ignored
    Warning (20014): Assignment for entity set_instance_assignment -name IO_STANDARD "DIFFERENTIAL 1.5-V SSTL CLASS I" -to HPS_DDR3_DQS_N[1] -entity DE1_SoC was ignored
    Warning (20014): Assignment for entity set_instance_assignment -name IO_STANDARD "DIFFERENTIAL 1.5-V SSTL CLASS I" -to HPS_DDR3_DQS_N[2] -entity DE1_SoC was ignored
    Warning (20014): Assignment for entity set_instance_assignment -name IO_STANDARD "DIFFERENTIAL 1.5-V SSTL CLASS I" -to HPS_DDR3_DQS_N[3] -entity DE1_SoC was ignored
    Warning (20014): Assignment for entity set_instance_assignment -name IO_STANDARD "DIFFERENTIAL 1.5-V SSTL CLASS I" -to HPS_DDR3_DQS_P[0] -entity DE1_SoC was ignored
    Warning (20014): Assignment for entity set_instance_assignment -name IO_STANDARD "DIFFERENTIAL 1.5-V SSTL CLASS I" -to HPS_DDR3_DQS_P[1] -entity DE1_SoC was ignored
    Warning (20014): Assignment for entity set_instance_assignment -name IO_STANDARD "DIFFERENTIAL 1.5-V SSTL CLASS I" -to HPS_DDR3_DQS_P[2] -entity DE1_SoC was ignored
    Warning (20014): Assignment for entity set_instance_assignment -name IO_STANDARD "DIFFERENTIAL 1.5-V SSTL CLASS I" -to HPS_DDR3_DQS_P[3] -entity DE1_SoC was ignored
    Warning (20014): Assignment for entity set_instance_assignment -name IO_STANDARD "SSTL-15 CLASS I" -to HPS_DDR3_DQ[0] -entity DE1_SoC was ignored
    Warning (20014): Assignment for entity set_instance_assignment -name IO_STANDARD "SSTL-15 CLASS I" -to HPS_DDR3_DQ[10] -entity DE1_SoC was ignored
    Warning (20014): Assignment for entity set_instance_assignment -name IO_STANDARD "SSTL-15 CLASS I" -to HPS_DDR3_DQ[11] -entity DE1_SoC was ignored
    Warning (20014): Assignment for entity set_instance_assignment -name IO_STANDARD "SSTL-15 CLASS I" -to HPS_DDR3_DQ[12] -entity DE1_SoC was ignored
    Warning (20014): Assignment for entity set_instance_assignment -name IO_STANDARD "SSTL-15 CLASS I" -to HPS_DDR3_DQ[13] -entity DE1_SoC was ignored
    Warning (20014): Assignment for entity set_instance_assignment -name IO_STANDARD "SSTL-15 CLASS I" -to HPS_DDR3_DQ[14] -entity DE1_SoC was ignored
    Warning (20014): Assignment for entity set_instance_assignment -name IO_STANDARD "SSTL-15 CLASS I" -to HPS_DDR3_DQ[15] -entity DE1_SoC was ignored
    Warning (20014): Assignment for entity set_instance_assignment -name IO_STANDARD "SSTL-15 CLASS I" -to HPS_DDR3_DQ[16] -entity DE1_SoC was ignored
    Warning (20014): Assignment for entity set_instance_assignment -name IO_STANDARD "SSTL-15 CLASS I" -to HPS_DDR3_DQ[17] -entity DE1_SoC was ignored
    Warning (20014): Assignment for entity set_instance_assignment -name IO_STANDARD "SSTL-15 CLASS I" -to HPS_DDR3_DQ[18] -entity DE1_SoC was ignored
    Warning (20014): Assignment for entity set_instance_assignment -name IO_STANDARD "SSTL-15 CLASS I" -to HPS_DDR3_DQ[19] -entity DE1_SoC was ignored
    Warning (20014): Assignment for entity set_instance_assignment -name IO_STANDARD "SSTL-15 CLASS I" -to HPS_DDR3_DQ[1] -entity DE1_SoC was ignored
    Warning (20014): Assignment for entity set_instance_assignment -name IO_STANDARD "SSTL-15 CLASS I" -to HPS_DDR3_DQ[20] -entity DE1_SoC was ignored
    Warning (20014): Assignment for entity set_instance_assignment -name IO_STANDARD "SSTL-15 CLASS I" -to HPS_DDR3_DQ[21] -entity DE1_SoC was ignored
    Warning (20014): Assignment for entity set_instance_assignment -name IO_STANDARD "SSTL-15 CLASS I" -to HPS_DDR3_DQ[22] -entity DE1_SoC was ignored
    Warning (20014): Assignment for entity set_instance_assignment -name IO_STANDARD "SSTL-15 CLASS I" -to HPS_DDR3_DQ[23] -entity DE1_SoC was ignored
    Warning (20014): Assignment for entity set_instance_assignment -name IO_STANDARD "SSTL-15 CLASS I" -to HPS_DDR3_DQ[24] -entity DE1_SoC was ignored
    Warning (20014): Assignment for entity set_instance_assignment -name IO_STANDARD "SSTL-15 CLASS I" -to HPS_DDR3_DQ[25] -entity DE1_SoC was ignored
    Warning (20014): Assignment for entity set_instance_assignment -name IO_STANDARD "SSTL-15 CLASS I" -to HPS_DDR3_DQ[26] -entity DE1_SoC was ignored
    Warning (20014): Assignment for entity set_instance_assignment -name IO_STANDARD "SSTL-15 CLASS I" -to HPS_DDR3_DQ[27] -entity DE1_SoC was ignored
    Warning (20014): Assignment for entity set_instance_assignment -name IO_STANDARD "SSTL-15 CLASS I" -to HPS_DDR3_DQ[28] -entity DE1_SoC was ignored
    Warning (20014): Assignment for entity set_instance_assignment -name IO_STANDARD "SSTL-15 CLASS I" -to HPS_DDR3_DQ[29] -entity DE1_SoC was ignored
    Warning (20014): Assignment for entity set_instance_assignment -name IO_STANDARD "SSTL-15 CLASS I" -to HPS_DDR3_DQ[2] -entity DE1_SoC was ignored
    Warning (20014): Assignment for entity set_instance_assignment -name IO_STANDARD "SSTL-15 CLASS I" -to HPS_DDR3_DQ[30] -entity DE1_SoC was ignored
    Warning (20014): Assignment for entity set_instance_assignment -name IO_STANDARD "SSTL-15 CLASS I" -to HPS_DDR3_DQ[31] -entity DE1_SoC was ignored
    Warning (20014): Assignment for entity set_instance_assignment -name IO_STANDARD "SSTL-15 CLASS I" -to HPS_DDR3_DQ[3] -entity DE1_SoC was ignored
    Warning (20014): Assignment for entity set_instance_assignment -name IO_STANDARD "SSTL-15 CLASS I" -to HPS_DDR3_DQ[4] -entity DE1_SoC was ignored
    Warning (20014): Assignment for entity set_instance_assignment -name IO_STANDARD "SSTL-15 CLASS I" -to HPS_DDR3_DQ[5] -entity DE1_SoC was ignored
    Warning (20014): Assignment for entity set_instance_assignment -name IO_STANDARD "SSTL-15 CLASS I" -to HPS_DDR3_DQ[6] -entity DE1_SoC was ignored
    Warning (20014): Assignment for entity set_instance_assignment -name IO_STANDARD "SSTL-15 CLASS I" -to HPS_DDR3_DQ[7] -entity DE1_SoC was ignored
    Warning (20014): Assignment for entity set_instance_assignment -name IO_STANDARD "SSTL-15 CLASS I" -to HPS_DDR3_DQ[8] -entity DE1_SoC was ignored
    Warning (20014): Assignment for entity set_instance_assignment -name IO_STANDARD "SSTL-15 CLASS I" -to HPS_DDR3_DQ[9] -entity DE1_SoC was ignored
    Warning (20014): Assignment for entity set_instance_assignment -name IO_STANDARD "SSTL-15 CLASS I" -to HPS_DDR3_ODT -entity DE1_SoC was ignored
    Warning (20014): Assignment for entity set_instance_assignment -name IO_STANDARD "SSTL-15 CLASS I" -to HPS_DDR3_RAS_N -entity DE1_SoC was ignored
    Warning (20014): Assignment for entity set_instance_assignment -name IO_STANDARD "SSTL-15 CLASS I" -to HPS_DDR3_RESET_N -entity DE1_SoC was ignored
    Warning (20014): Assignment for entity set_instance_assignment -name IO_STANDARD "SSTL-15 CLASS I" -to HPS_DDR3_RZQ -entity DE1_SoC was ignored
    Warning (20014): Assignment for entity set_instance_assignment -name IO_STANDARD "SSTL-15 CLASS I" -to HPS_DDR3_WE_N -entity DE1_SoC was ignored
    Warning (20014): Assignment for entity set_instance_assignment -name IO_STANDARD "3.3-V LVTTL" -to HPS_ENET_GTX_CLK -entity DE1_SoC was ignored
    Warning (20014): Assignment for entity set_instance_assignment -name IO_STANDARD "3.3-V LVTTL" -to HPS_ENET_INT_N -entity DE1_SoC was ignored
    Warning (20014): Assignment for entity set_instance_assignment -name IO_STANDARD "3.3-V LVTTL" -to HPS_ENET_MDC -entity DE1_SoC was ignored
    Warning (20014): Assignment for entity set_instance_assignment -name IO_STANDARD "3.3-V LVTTL" -to HPS_ENET_MDIO -entity DE1_SoC was ignored
    Warning (20014): Assignment for entity set_instance_assignment -name IO_STANDARD "3.3-V LVTTL" -to HPS_ENET_RX_CLK -entity DE1_SoC was ignored
    Warning (20014): Assignment for entity set_instance_assignment -name IO_STANDARD "3.3-V LVTTL" -to HPS_ENET_RX_DATA[0] -entity DE1_SoC was ignored
    Warning (20014): Assignment for entity set_instance_assignment -name IO_STANDARD "3.3-V LVTTL" -to HPS_ENET_RX_DATA[1] -entity DE1_SoC was ignored
    Warning (20014): Assignment for entity set_instance_assignment -name IO_STANDARD "3.3-V LVTTL" -to HPS_ENET_RX_DATA[2] -entity DE1_SoC was ignored
    Warning (20014): Assignment for entity set_instance_assignment -name IO_STANDARD "3.3-V LVTTL" -to HPS_ENET_RX_DATA[3] -entity DE1_SoC was ignored
    Warning (20014): Assignment for entity set_instance_assignment -name IO_STANDARD "3.3-V LVTTL" -to HPS_ENET_RX_DV -entity DE1_SoC was ignored
    Warning (20014): Assignment for entity set_instance_assignment -name IO_STANDARD "3.3-V LVTTL" -to HPS_ENET_TX_DATA[0] -entity DE1_SoC was ignored
    Warning (20014): Assignment for entity set_instance_assignment -name IO_STANDARD "3.3-V LVTTL" -to HPS_ENET_TX_DATA[1] -entity DE1_SoC was ignored
    Warning (20014): Assignment for entity set_instance_assignment -name IO_STANDARD "3.3-V LVTTL" -to HPS_ENET_TX_DATA[2] -entity DE1_SoC was ignored
    Warning (20014): Assignment for entity set_instance_assignment -name IO_STANDARD "3.3-V LVTTL" -to HPS_ENET_TX_DATA[3] -entity DE1_SoC was ignored
    Warning (20014): Assignment for entity set_instance_assignment -name IO_STANDARD "3.3-V LVTTL" -to HPS_ENET_TX_EN -entity DE1_SoC was ignored
    Warning (20014): Assignment for entity set_instance_assignment -name IO_STANDARD "3.3-V LVTTL" -to HPS_FLASH_DATA[0] -entity DE1_SoC was ignored
    Warning (20014): Assignment for entity set_instance_assignment -name IO_STANDARD "3.3-V LVTTL" -to HPS_FLASH_DATA[1] -entity DE1_SoC was ignored
    Warning (20014): Assignment for entity set_instance_assignment -name IO_STANDARD "3.3-V LVTTL" -to HPS_FLASH_DATA[2] -entity DE1_SoC was ignored
    Warning (20014): Assignment for entity set_instance_assignment -name IO_STANDARD "3.3-V LVTTL" -to HPS_FLASH_DATA[3] -entity DE1_SoC was ignored
    Warning (20014): Assignment for entity set_instance_assignment -name IO_STANDARD "3.3-V LVTTL" -to HPS_FLASH_DCLK -entity DE1_SoC was ignored
    Warning (20014): Assignment for entity set_instance_assignment -name IO_STANDARD "3.3-V LVTTL" -to HPS_FLASH_NCSO -entity DE1_SoC was ignored
    Warning (20014): Assignment for entity set_instance_assignment -name IO_STANDARD "3.3-V LVTTL" -to HPS_GPIO[0] -entity DE1_SoC was ignored
    Warning (20014): Assignment for entity set_instance_assignment -name IO_STANDARD "3.3-V LVTTL" -to HPS_GPIO[1] -entity DE1_SoC was ignored
    Warning (20014): Assignment for entity set_instance_assignment -name IO_STANDARD "3.3-V LVTTL" -to HPS_GSENSOR_INT -entity DE1_SoC was ignored
    Warning (20014): Assignment for entity set_instance_assignment -name IO_STANDARD "3.3-V LVTTL" -to HPS_I2C1_SCLK -entity DE1_SoC was ignored
    Warning (20014): Assignment for entity set_instance_assignment -name IO_STANDARD "3.3-V LVTTL" -to HPS_I2C1_SDAT -entity DE1_SoC was ignored
    Warning (20014): Assignment for entity set_instance_assignment -name IO_STANDARD "3.3-V LVTTL" -to HPS_I2C2_SCLK -entity DE1_SoC was ignored
    Warning (20014): Assignment for entity set_instance_assignment -name IO_STANDARD "3.3-V LVTTL" -to HPS_I2C2_SDAT -entity DE1_SoC was ignored
    Warning (20014): Assignment for entity set_instance_assignment -name IO_STANDARD "3.3-V LVTTL" -to HPS_I2C_CONTROL -entity DE1_SoC was ignored
    Warning (20014): Assignment for entity set_instance_assignment -name IO_STANDARD "3.3-V LVTTL" -to HPS_KEY -entity DE1_SoC was ignored
    Warning (20014): Assignment for entity set_instance_assignment -name IO_STANDARD "3.3-V LVTTL" -to HPS_LED -entity DE1_SoC was ignored
    Warning (20014): Assignment for entity set_instance_assignment -name IO_STANDARD "3.3-V LVTTL" -to HPS_LTC_GPIO -entity DE1_SoC was ignored
    Warning (20014): Assignment for entity set_instance_assignment -name IO_STANDARD "3.3-V LVTTL" -to HPS_SD_CLK -entity DE1_SoC was ignored
    Warning (20014): Assignment for entity set_instance_assignment -name IO_STANDARD "3.3-V LVTTL" -to HPS_SD_CMD -entity DE1_SoC was ignored
    Warning (20014): Assignment for entity set_instance_assignment -name IO_STANDARD "3.3-V LVTTL" -to HPS_SD_DATA[0] -entity DE1_SoC was ignored
    Warning (20014): Assignment for entity set_instance_assignment -name IO_STANDARD "3.3-V LVTTL" -to HPS_SD_DATA[1] -entity DE1_SoC was ignored
    Warning (20014): Assignment for entity set_instance_assignment -name IO_STANDARD "3.3-V LVTTL" -to HPS_SD_DATA[2] -entity DE1_SoC was ignored
    Warning (20014): Assignment for entity set_instance_assignment -name IO_STANDARD "3.3-V LVTTL" -to HPS_SD_DATA[3] -entity DE1_SoC was ignored
    Warning (20014): Assignment for entity set_instance_assignment -name IO_STANDARD "3.3-V LVTTL" -to HPS_SPIM_CLK -entity DE1_SoC was ignored
    Warning (20014): Assignment for entity set_instance_assignment -name IO_STANDARD "3.3-V LVTTL" -to HPS_SPIM_MISO -entity DE1_SoC was ignored
    Warning (20014): Assignment for entity set_instance_assignment -name IO_STANDARD "3.3-V LVTTL" -to HPS_SPIM_MOSI -entity DE1_SoC was ignored
    Warning (20014): Assignment for entity set_instance_assignment -name IO_STANDARD "3.3-V LVTTL" -to HPS_SPIM_SS -entity DE1_SoC was ignored
    Warning (20014): Assignment for entity set_instance_assignment -name IO_STANDARD "3.3-V LVTTL" -to HPS_UART_RX -entity DE1_SoC was ignored
    Warning (20014): Assignment for entity set_instance_assignment -name IO_STANDARD "3.3-V LVTTL" -to HPS_UART_TX -entity DE1_SoC was ignored
    Warning (20014): Assignment for entity set_instance_assignment -name IO_STANDARD "3.3-V LVTTL" -to HPS_USB_CLKOUT -entity DE1_SoC was ignored
    Warning (20014): Assignment for entity set_instance_assignment -name IO_STANDARD "3.3-V LVTTL" -to HPS_USB_DATA[0] -entity DE1_SoC was ignored
    Warning (20014): Assignment for entity set_instance_assignment -name IO_STANDARD "3.3-V LVTTL" -to HPS_USB_DATA[1] -entity DE1_SoC was ignored
    Warning (20014): Assignment for entity set_instance_assignment -name IO_STANDARD "3.3-V LVTTL" -to HPS_USB_DATA[2] -entity DE1_SoC was ignored
    Warning (20014): Assignment for entity set_instance_assignment -name IO_STANDARD "3.3-V LVTTL" -to HPS_USB_DATA[3] -entity DE1_SoC was ignored
    Warning (20014): Assignment for entity set_instance_assignment -name IO_STANDARD "3.3-V LVTTL" -to HPS_USB_DATA[4] -entity DE1_SoC was ignored
    Warning (20014): Assignment for entity set_instance_assignment -name IO_STANDARD "3.3-V LVTTL" -to HPS_USB_DATA[5] -entity DE1_SoC was ignored
    Warning (20014): Assignment for entity set_instance_assignment -name IO_STANDARD "3.3-V LVTTL" -to HPS_USB_DATA[6] -entity DE1_SoC was ignored
    Warning (20014): Assignment for entity set_instance_assignment -name IO_STANDARD "3.3-V LVTTL" -to HPS_USB_DATA[7] -entity DE1_SoC was ignored
    Warning (20014): Assignment for entity set_instance_assignment -name IO_STANDARD "3.3-V LVTTL" -to HPS_USB_DIR -entity DE1_SoC was ignored
    Warning (20014): Assignment for entity set_instance_assignment -name IO_STANDARD "3.3-V LVTTL" -to HPS_USB_NXT -entity DE1_SoC was ignored
    Warning (20014): Assignment for entity set_instance_assignment -name IO_STANDARD "3.3-V LVTTL" -to HPS_USB_STP -entity DE1_SoC was ignored
    Warning (20014): Assignment for entity set_instance_assignment -name IO_STANDARD "3.3-V LVTTL" -to IRDA_RXD -entity DE1_SoC was ignored
    Warning (20014): Assignment for entity set_instance_assignment -name IO_STANDARD "3.3-V LVTTL" -to IRDA_TXD -entity DE1_SoC was ignored
    Warning (20014): Assignment for entity set_instance_assignment -name IO_STANDARD "3.3-V LVTTL" -to KEY[0] -entity DE1_SoC was ignored
    Warning (20014): Assignment for entity set_instance_assignment -name IO_STANDARD "3.3-V LVTTL" -to KEY[1] -entity DE1_SoC was ignored
    Warning (20014): Assignment for entity set_instance_assignment -name IO_STANDARD "3.3-V LVTTL" -to KEY[2] -entity DE1_SoC was ignored
    Warning (20014): Assignment for entity set_instance_assignment -name IO_STANDARD "3.3-V LVTTL" -to KEY[3] -entity DE1_SoC was ignored
    Warning (20014): Assignment for entity set_instance_assignment -name IO_STANDARD "3.3-V LVTTL" -to LEDR[0] -entity DE1_SoC was ignored
    Warning (20014): Assignment for entity set_instance_assignment -name IO_STANDARD "3.3-V LVTTL" -to LEDR[1] -entity DE1_SoC was ignored
    Warning (20014): Assignment for entity set_instance_assignment -name IO_STANDARD "3.3-V LVTTL" -to LEDR[2] -entity DE1_SoC was ignored
    Warning (20014): Assignment for entity set_instance_assignment -name IO_STANDARD "3.3-V LVTTL" -to LEDR[3] -entity DE1_SoC was ignored
    Warning (20014): Assignment for entity set_instance_assignment -name IO_STANDARD "3.3-V LVTTL" -to LEDR[4] -entity DE1_SoC was ignored
    Warning (20014): Assignment for entity set_instance_assignment -name IO_STANDARD "3.3-V LVTTL" -to LEDR[5] -entity DE1_SoC was ignored
    Warning (20014): Assignment for entity set_instance_assignment -name IO_STANDARD "3.3-V LVTTL" -to LEDR[6] -entity DE1_SoC was ignored
    Warning (20014): Assignment for entity set_instance_assignment -name IO_STANDARD "3.3-V LVTTL" -to LEDR[7] -entity DE1_SoC was ignored
    Warning (20014): Assignment for entity set_instance_assignment -name IO_STANDARD "3.3-V LVTTL" -to LEDR[8] -entity DE1_SoC was ignored
    Warning (20014): Assignment for entity set_instance_assignment -name IO_STANDARD "3.3-V LVTTL" -to LEDR[9] -entity DE1_SoC was ignored
    Warning (20014): Assignment for entity set_instance_assignment -name IO_STANDARD "3.3-V LVTTL" -to PS2_CLK -entity DE1_SoC was ignored
    Warning (20014): Assignment for entity set_instance_assignment -name IO_STANDARD "3.3-V LVTTL" -to PS2_CLK2 -entity DE1_SoC was ignored
    Warning (20014): Assignment for entity set_instance_assignment -name IO_STANDARD "3.3-V LVTTL" -to PS2_DAT -entity DE1_SoC was ignored
    Warning (20014): Assignment for entity set_instance_assignment -name IO_STANDARD "3.3-V LVTTL" -to PS2_DAT2 -entity DE1_SoC was ignored
    Warning (20014): Assignment for entity set_instance_assignment -name IO_STANDARD "3.3-V LVTTL" -to SW[0] -entity DE1_SoC was ignored
    Warning (20014): Assignment for entity set_instance_assignment -name IO_STANDARD "3.3-V LVTTL" -to SW[1] -entity DE1_SoC was ignored
    Warning (20014): Assignment for entity set_instance_assignment -name IO_STANDARD "3.3-V LVTTL" -to SW[2] -entity DE1_SoC was ignored
    Warning (20014): Assignment for entity set_instance_assignment -name IO_STANDARD "3.3-V LVTTL" -to SW[3] -entity DE1_SoC was ignored
    Warning (20014): Assignment for entity set_instance_assignment -name IO_STANDARD "3.3-V LVTTL" -to SW[4] -entity DE1_SoC was ignored
    Warning (20014): Assignment for entity set_instance_assignment -name IO_STANDARD "3.3-V LVTTL" -to SW[5] -entity DE1_SoC was ignored
    Warning (20014): Assignment for entity set_instance_assignment -name IO_STANDARD "3.3-V LVTTL" -to SW[6] -entity DE1_SoC was ignored
    Warning (20014): Assignment for entity set_instance_assignment -name IO_STANDARD "3.3-V LVTTL" -to SW[7] -entity DE1_SoC was ignored
    Warning (20014): Assignment for entity set_instance_assignment -name IO_STANDARD "3.3-V LVTTL" -to SW[8] -entity DE1_SoC was ignored
    Warning (20014): Assignment for entity set_instance_assignment -name IO_STANDARD "3.3-V LVTTL" -to SW[9] -entity DE1_SoC was ignored
    Warning (20014): Assignment for entity set_instance_assignment -name IO_STANDARD "3.3-V LVTTL" -to TD_CLK27 -entity DE1_SoC was ignored
    Warning (20014): Assignment for entity set_instance_assignment -name IO_STANDARD "3.3-V LVTTL" -to TD_DATA[0] -entity DE1_SoC was ignored
    Warning (20014): Assignment for entity set_instance_assignment -name IO_STANDARD "3.3-V LVTTL" -to TD_DATA[1] -entity DE1_SoC was ignored
    Warning (20014): Assignment for entity set_instance_assignment -name IO_STANDARD "3.3-V LVTTL" -to TD_DATA[2] -entity DE1_SoC was ignored
    Warning (20014): Assignment for entity set_instance_assignment -name IO_STANDARD "3.3-V LVTTL" -to TD_DATA[3] -entity DE1_SoC was ignored
    Warning (20014): Assignment for entity set_instance_assignment -name IO_STANDARD "3.3-V LVTTL" -to TD_DATA[4] -entity DE1_SoC was ignored
    Warning (20014): Assignment for entity set_instance_assignment -name IO_STANDARD "3.3-V LVTTL" -to TD_DATA[5] -entity DE1_SoC was ignored
    Warning (20014): Assignment for entity set_instance_assignment -name IO_STANDARD "3.3-V LVTTL" -to TD_DATA[6] -entity DE1_SoC was ignored
    Warning (20014): Assignment for entity set_instance_assignment -name IO_STANDARD "3.3-V LVTTL" -to TD_DATA[7] -entity DE1_SoC was ignored
    Warning (20014): Assignment for entity set_instance_assignment -name IO_STANDARD "3.3-V LVTTL" -to TD_HS -entity DE1_SoC was ignored
    Warning (20014): Assignment for entity set_instance_assignment -name IO_STANDARD "3.3-V LVTTL" -to TD_RESET_N -entity DE1_SoC was ignored
    Warning (20014): Assignment for entity set_instance_assignment -name IO_STANDARD "3.3-V LVTTL" -to TD_VS -entity DE1_SoC was ignored
    Warning (20014): Assignment for entity set_instance_assignment -name IO_STANDARD "3.3-V LVTTL" -to USB_B2_CLK -entity DE1_SoC was ignored
    Warning (20014): Assignment for entity set_instance_assignment -name IO_STANDARD "3.3-V LVTTL" -to USB_B2_DATA[0] -entity DE1_SoC was ignored
    Warning (20014): Assignment for entity set_instance_assignment -name IO_STANDARD "3.3-V LVTTL" -to USB_B2_DATA[1] -entity DE1_SoC was ignored
    Warning (20014): Assignment for entity set_instance_assignment -name IO_STANDARD "3.3-V LVTTL" -to USB_B2_DATA[2] -entity DE1_SoC was ignored
    Warning (20014): Assignment for entity set_instance_assignment -name IO_STANDARD "3.3-V LVTTL" -to USB_B2_DATA[3] -entity DE1_SoC was ignored
    Warning (20014): Assignment for entity set_instance_assignment -name IO_STANDARD "3.3-V LVTTL" -to USB_B2_DATA[4] -entity DE1_SoC was ignored
    Warning (20014): Assignment for entity set_instance_assignment -name IO_STANDARD "3.3-V LVTTL" -to USB_B2_DATA[5] -entity DE1_SoC was ignored
    Warning (20014): Assignment for entity set_instance_assignment -name IO_STANDARD "3.3-V LVTTL" -to USB_B2_DATA[6] -entity DE1_SoC was ignored
    Warning (20014): Assignment for entity set_instance_assignment -name IO_STANDARD "3.3-V LVTTL" -to USB_B2_DATA[7] -entity DE1_SoC was ignored
    Warning (20014): Assignment for entity set_instance_assignment -name IO_STANDARD "3.3-V LVTTL" -to USB_EMPTY -entity DE1_SoC was ignored
    Warning (20014): Assignment for entity set_instance_assignment -name IO_STANDARD "3.3-V LVTTL" -to USB_FULL -entity DE1_SoC was ignored
    Warning (20014): Assignment for entity set_instance_assignment -name IO_STANDARD "3.3-V LVTTL" -to USB_OE_N -entity DE1_SoC was ignored
    Warning (20014): Assignment for entity set_instance_assignment -name IO_STANDARD "3.3-V LVTTL" -to USB_RD_N -entity DE1_SoC was ignored
    Warning (20014): Assignment for entity set_instance_assignment -name IO_STANDARD "3.3-V LVTTL" -to USB_RESET_N -entity DE1_SoC was ignored
    Warning (20014): Assignment for entity set_instance_assignment -name IO_STANDARD "3.3-V LVTTL" -to USB_SCL -entity DE1_SoC was ignored
    Warning (20014): Assignment for entity set_instance_assignment -name IO_STANDARD "3.3-V LVTTL" -to USB_SDA -entity DE1_SoC was ignored
    Warning (20014): Assignment for entity set_instance_assignment -name IO_STANDARD "3.3-V LVTTL" -to USB_WR_N -entity DE1_SoC was ignored
    Warning (20014): Assignment for entity set_instance_assignment -name IO_STANDARD "3.3-V LVTTL" -to VGA_BLANK_N -entity DE1_SoC was ignored
    Warning (20014): Assignment for entity set_instance_assignment -name IO_STANDARD "3.3-V LVTTL" -to VGA_B[0] -entity DE1_SoC was ignored
    Warning (20014): Assignment for entity set_instance_assignment -name IO_STANDARD "3.3-V LVTTL" -to VGA_B[1] -entity DE1_SoC was ignored
    Warning (20014): Assignment for entity set_instance_assignment -name IO_STANDARD "3.3-V LVTTL" -to VGA_B[2] -entity DE1_SoC was ignored
    Warning (20014): Assignment for entity set_instance_assignment -name IO_STANDARD "3.3-V LVTTL" -to VGA_B[3] -entity DE1_SoC was ignored
    Warning (20014): Assignment for entity set_instance_assignment -name IO_STANDARD "3.3-V LVTTL" -to VGA_B[4] -entity DE1_SoC was ignored
    Warning (20014): Assignment for entity set_instance_assignment -name IO_STANDARD "3.3-V LVTTL" -to VGA_B[5] -entity DE1_SoC was ignored
    Warning (20014): Assignment for entity set_instance_assignment -name IO_STANDARD "3.3-V LVTTL" -to VGA_B[6] -entity DE1_SoC was ignored
    Warning (20014): Assignment for entity set_instance_assignment -name IO_STANDARD "3.3-V LVTTL" -to VGA_B[7] -entity DE1_SoC was ignored
    Warning (20014): Assignment for entity set_instance_assignment -name IO_STANDARD "3.3-V LVTTL" -to VGA_CLK -entity DE1_SoC was ignored
    Warning (20014): Assignment for entity set_instance_assignment -name IO_STANDARD "3.3-V LVTTL" -to VGA_G[0] -entity DE1_SoC was ignored
    Warning (20014): Assignment for entity set_instance_assignment -name IO_STANDARD "3.3-V LVTTL" -to VGA_G[1] -entity DE1_SoC was ignored
    Warning (20014): Assignment for entity set_instance_assignment -name IO_STANDARD "3.3-V LVTTL" -to VGA_G[2] -entity DE1_SoC was ignored
    Warning (20014): Assignment for entity set_instance_assignment -name IO_STANDARD "3.3-V LVTTL" -to VGA_G[3] -entity DE1_SoC was ignored
    Warning (20014): Assignment for entity set_instance_assignment -name IO_STANDARD "3.3-V LVTTL" -to VGA_G[4] -entity DE1_SoC was ignored
    Warning (20014): Assignment for entity set_instance_assignment -name IO_STANDARD "3.3-V LVTTL" -to VGA_G[5] -entity DE1_SoC was ignored
    Warning (20014): Assignment for entity set_instance_assignment -name IO_STANDARD "3.3-V LVTTL" -to VGA_G[6] -entity DE1_SoC was ignored
    Warning (20014): Assignment for entity set_instance_assignment -name IO_STANDARD "3.3-V LVTTL" -to VGA_G[7] -entity DE1_SoC was ignored
    Warning (20014): Assignment for entity set_instance_assignment -name IO_STANDARD "3.3-V LVTTL" -to VGA_HS -entity DE1_SoC was ignored
    Warning (20014): Assignment for entity set_instance_assignment -name IO_STANDARD "3.3-V LVTTL" -to VGA_R[0] -entity DE1_SoC was ignored
    Warning (20014): Assignment for entity set_instance_assignment -name IO_STANDARD "3.3-V LVTTL" -to VGA_R[1] -entity DE1_SoC was ignored
    Warning (20014): Assignment for entity set_instance_assignment -name IO_STANDARD "3.3-V LVTTL" -to VGA_R[2] -entity DE1_SoC was ignored
    Warning (20014): Assignment for entity set_instance_assignment -name IO_STANDARD "3.3-V LVTTL" -to VGA_R[3] -entity DE1_SoC was ignored
    Warning (20014): Assignment for entity set_instance_assignment -name IO_STANDARD "3.3-V LVTTL" -to VGA_R[4] -entity DE1_SoC was ignored
    Warning (20014): Assignment for entity set_instance_assignment -name IO_STANDARD "3.3-V LVTTL" -to VGA_R[5] -entity DE1_SoC was ignored
    Warning (20014): Assignment for entity set_instance_assignment -name IO_STANDARD "3.3-V LVTTL" -to VGA_R[6] -entity DE1_SoC was ignored
    Warning (20014): Assignment for entity set_instance_assignment -name IO_STANDARD "3.3-V LVTTL" -to VGA_R[7] -entity DE1_SoC was ignored
    Warning (20014): Assignment for entity set_instance_assignment -name IO_STANDARD "3.3-V LVTTL" -to VGA_SYNC_N -entity DE1_SoC was ignored
    Warning (20014): Assignment for entity set_instance_assignment -name IO_STANDARD "3.3-V LVTTL" -to VGA_VS -entity DE1_SoC was ignored
    Warning (20014): Assignment for entity set_instance_assignment -name CURRENT_STRENGTH_NEW "MAXIMUM CURRENT" -to HPS_DDR3_ADDR[0] -entity DE1_SoC was ignored
    Warning (20014): Assignment for entity set_instance_assignment -name CURRENT_STRENGTH_NEW "MAXIMUM CURRENT" -to HPS_DDR3_ADDR[10] -entity DE1_SoC was ignored
    Warning (20014): Assignment for entity set_instance_assignment -name CURRENT_STRENGTH_NEW "MAXIMUM CURRENT" -to HPS_DDR3_ADDR[11] -entity DE1_SoC was ignored
    Warning (20014): Assignment for entity set_instance_assignment -name CURRENT_STRENGTH_NEW "MAXIMUM CURRENT" -to HPS_DDR3_ADDR[12] -entity DE1_SoC was ignored
    Warning (20014): Assignment for entity set_instance_assignment -name CURRENT_STRENGTH_NEW "MAXIMUM CURRENT" -to HPS_DDR3_ADDR[13] -entity DE1_SoC was ignored
    Warning (20014): Assignment for entity set_instance_assignment -name CURRENT_STRENGTH_NEW "MAXIMUM CURRENT" -to HPS_DDR3_ADDR[14] -entity DE1_SoC was ignored
    Warning (20014): Assignment for entity set_instance_assignment -name CURRENT_STRENGTH_NEW "MAXIMUM CURRENT" -to HPS_DDR3_ADDR[1] -entity DE1_SoC was ignored
    Warning (20014): Assignment for entity set_instance_assignment -name CURRENT_STRENGTH_NEW "MAXIMUM CURRENT" -to HPS_DDR3_ADDR[2] -entity DE1_SoC was ignored
    Warning (20014): Assignment for entity set_instance_assignment -name CURRENT_STRENGTH_NEW "MAXIMUM CURRENT" -to HPS_DDR3_ADDR[3] -entity DE1_SoC was ignored
    Warning (20014): Assignment for entity set_instance_assignment -name CURRENT_STRENGTH_NEW "MAXIMUM CURRENT" -to HPS_DDR3_ADDR[4] -entity DE1_SoC was ignored
    Warning (20014): Assignment for entity set_instance_assignment -name CURRENT_STRENGTH_NEW "MAXIMUM CURRENT" -to HPS_DDR3_ADDR[5] -entity DE1_SoC was ignored
    Warning (20014): Assignment for entity set_instance_assignment -name CURRENT_STRENGTH_NEW "MAXIMUM CURRENT" -to HPS_DDR3_ADDR[6] -entity DE1_SoC was ignored
    Warning (20014): Assignment for entity set_instance_assignment -name CURRENT_STRENGTH_NEW "MAXIMUM CURRENT" -to HPS_DDR3_ADDR[7] -entity DE1_SoC was ignored
    Warning (20014): Assignment for entity set_instance_assignment -name CURRENT_STRENGTH_NEW "MAXIMUM CURRENT" -to HPS_DDR3_ADDR[8] -entity DE1_SoC was ignored
    Warning (20014): Assignment for entity set_instance_assignment -name CURRENT_STRENGTH_NEW "MAXIMUM CURRENT" -to HPS_DDR3_ADDR[9] -entity DE1_SoC was ignored
    Warning (20014): Assignment for entity set_instance_assignment -name CURRENT_STRENGTH_NEW "MAXIMUM CURRENT" -to HPS_DDR3_BA[0] -entity DE1_SoC was ignored
    Warning (20014): Assignment for entity set_instance_assignment -name CURRENT_STRENGTH_NEW "MAXIMUM CURRENT" -to HPS_DDR3_BA[1] -entity DE1_SoC was ignored
    Warning (20014): Assignment for entity set_instance_assignment -name CURRENT_STRENGTH_NEW "MAXIMUM CURRENT" -to HPS_DDR3_BA[2] -entity DE1_SoC was ignored
    Warning (20014): Assignment for entity set_instance_assignment -name CURRENT_STRENGTH_NEW "MAXIMUM CURRENT" -to HPS_DDR3_CAS_N -entity DE1_SoC was ignored
    Warning (20014): Assignment for entity set_instance_assignment -name CURRENT_STRENGTH_NEW "MAXIMUM CURRENT" -to HPS_DDR3_CKE -entity DE1_SoC was ignored
    Warning (20014): Assignment for entity set_instance_assignment -name CURRENT_STRENGTH_NEW "MAXIMUM CURRENT" -to HPS_DDR3_CS_N -entity DE1_SoC was ignored
    Warning (20014): Assignment for entity set_instance_assignment -name CURRENT_STRENGTH_NEW "MAXIMUM CURRENT" -to HPS_DDR3_ODT -entity DE1_SoC was ignored
    Warning (20014): Assignment for entity set_instance_assignment -name CURRENT_STRENGTH_NEW "MAXIMUM CURRENT" -to HPS_DDR3_RAS_N -entity DE1_SoC was ignored
    Warning (20014): Assignment for entity set_instance_assignment -name CURRENT_STRENGTH_NEW "MAXIMUM CURRENT" -to HPS_DDR3_RESET_N -entity DE1_SoC was ignored
    Warning (20014): Assignment for entity set_instance_assignment -name CURRENT_STRENGTH_NEW "MAXIMUM CURRENT" -to HPS_DDR3_WE_N -entity DE1_SoC was ignored
    Warning (20014): Assignment for entity set_instance_assignment -name INPUT_TERMINATION "PARALLEL 50 OHM WITH CALIBRATION" -to HPS_DDR3_DQS_N[0] -entity DE1_SoC was ignored
    Warning (20014): Assignment for entity set_instance_assignment -name INPUT_TERMINATION "PARALLEL 50 OHM WITH CALIBRATION" -to HPS_DDR3_DQS_N[1] -entity DE1_SoC was ignored
    Warning (20014): Assignment for entity set_instance_assignment -name INPUT_TERMINATION "PARALLEL 50 OHM WITH CALIBRATION" -to HPS_DDR3_DQS_N[2] -entity DE1_SoC was ignored
    Warning (20014): Assignment for entity set_instance_assignment -name INPUT_TERMINATION "PARALLEL 50 OHM WITH CALIBRATION" -to HPS_DDR3_DQS_N[3] -entity DE1_SoC was ignored
    Warning (20014): Assignment for entity set_instance_assignment -name INPUT_TERMINATION "PARALLEL 50 OHM WITH CALIBRATION" -to HPS_DDR3_DQS_P[0] -entity DE1_SoC was ignored
    Warning (20014): Assignment for entity set_instance_assignment -name INPUT_TERMINATION "PARALLEL 50 OHM WITH CALIBRATION" -to HPS_DDR3_DQS_P[1] -entity DE1_SoC was ignored
    Warning (20014): Assignment for entity set_instance_assignment -name INPUT_TERMINATION "PARALLEL 50 OHM WITH CALIBRATION" -to HPS_DDR3_DQS_P[2] -entity DE1_SoC was ignored
    Warning (20014): Assignment for entity set_instance_assignment -name INPUT_TERMINATION "PARALLEL 50 OHM WITH CALIBRATION" -to HPS_DDR3_DQS_P[3] -entity DE1_SoC was ignored
    Warning (20014): Assignment for entity set_instance_assignment -name INPUT_TERMINATION "PARALLEL 50 OHM WITH CALIBRATION" -to HPS_DDR3_DQ[0] -entity DE1_SoC was ignored
    Warning (20014): Assignment for entity set_instance_assignment -name INPUT_TERMINATION "PARALLEL 50 OHM WITH CALIBRATION" -to HPS_DDR3_DQ[10] -entity DE1_SoC was ignored
    Warning (20014): Assignment for entity set_instance_assignment -name INPUT_TERMINATION "PARALLEL 50 OHM WITH CALIBRATION" -to HPS_DDR3_DQ[11] -entity DE1_SoC was ignored
    Warning (20014): Assignment for entity set_instance_assignment -name INPUT_TERMINATION "PARALLEL 50 OHM WITH CALIBRATION" -to HPS_DDR3_DQ[12] -entity DE1_SoC was ignored
    Warning (20014): Assignment for entity set_instance_assignment -name INPUT_TERMINATION "PARALLEL 50 OHM WITH CALIBRATION" -to HPS_DDR3_DQ[13] -entity DE1_SoC was ignored
    Warning (20014): Assignment for entity set_instance_assignment -name INPUT_TERMINATION "PARALLEL 50 OHM WITH CALIBRATION" -to HPS_DDR3_DQ[14] -entity DE1_SoC was ignored
    Warning (20014): Assignment for entity set_instance_assignment -name INPUT_TERMINATION "PARALLEL 50 OHM WITH CALIBRATION" -to HPS_DDR3_DQ[15] -entity DE1_SoC was ignored
    Warning (20014): Assignment for entity set_instance_assignment -name INPUT_TERMINATION "PARALLEL 50 OHM WITH CALIBRATION" -to HPS_DDR3_DQ[16] -entity DE1_SoC was ignored
    Warning (20014): Assignment for entity set_instance_assignment -name INPUT_TERMINATION "PARALLEL 50 OHM WITH CALIBRATION" -to HPS_DDR3_DQ[17] -entity DE1_SoC was ignored
    Warning (20014): Assignment for entity set_instance_assignment -name INPUT_TERMINATION "PARALLEL 50 OHM WITH CALIBRATION" -to HPS_DDR3_DQ[18] -entity DE1_SoC was ignored
    Warning (20014): Assignment for entity set_instance_assignment -name INPUT_TERMINATION "PARALLEL 50 OHM WITH CALIBRATION" -to HPS_DDR3_DQ[19] -entity DE1_SoC was ignored
    Warning (20014): Assignment for entity set_instance_assignment -name INPUT_TERMINATION "PARALLEL 50 OHM WITH CALIBRATION" -to HPS_DDR3_DQ[1] -entity DE1_SoC was ignored
    Warning (20014): Assignment for entity set_instance_assignment -name INPUT_TERMINATION "PARALLEL 50 OHM WITH CALIBRATION" -to HPS_DDR3_DQ[20] -entity DE1_SoC was ignored
    Warning (20014): Assignment for entity set_instance_assignment -name INPUT_TERMINATION "PARALLEL 50 OHM WITH CALIBRATION" -to HPS_DDR3_DQ[21] -entity DE1_SoC was ignored
    Warning (20014): Assignment for entity set_instance_assignment -name INPUT_TERMINATION "PARALLEL 50 OHM WITH CALIBRATION" -to HPS_DDR3_DQ[22] -entity DE1_SoC was ignored
    Warning (20014): Assignment for entity set_instance_assignment -name INPUT_TERMINATION "PARALLEL 50 OHM WITH CALIBRATION" -to HPS_DDR3_DQ[23] -entity DE1_SoC was ignored
    Warning (20014): Assignment for entity set_instance_assignment -name INPUT_TERMINATION "PARALLEL 50 OHM WITH CALIBRATION" -to HPS_DDR3_DQ[24] -entity DE1_SoC was ignored
    Warning (20014): Assignment for entity set_instance_assignment -name INPUT_TERMINATION "PARALLEL 50 OHM WITH CALIBRATION" -to HPS_DDR3_DQ[25] -entity DE1_SoC was ignored
    Warning (20014): Assignment for entity set_instance_assignment -name INPUT_TERMINATION "PARALLEL 50 OHM WITH CALIBRATION" -to HPS_DDR3_DQ[26] -entity DE1_SoC was ignored
    Warning (20014): Assignment for entity set_instance_assignment -name INPUT_TERMINATION "PARALLEL 50 OHM WITH CALIBRATION" -to HPS_DDR3_DQ[27] -entity DE1_SoC was ignored
    Warning (20014): Assignment for entity set_instance_assignment -name INPUT_TERMINATION "PARALLEL 50 OHM WITH CALIBRATION" -to HPS_DDR3_DQ[28] -entity DE1_SoC was ignored
    Warning (20014): Assignment for entity set_instance_assignment -name INPUT_TERMINATION "PARALLEL 50 OHM WITH CALIBRATION" -to HPS_DDR3_DQ[29] -entity DE1_SoC was ignored
    Warning (20014): Assignment for entity set_instance_assignment -name INPUT_TERMINATION "PARALLEL 50 OHM WITH CALIBRATION" -to HPS_DDR3_DQ[2] -entity DE1_SoC was ignored
    Warning (20014): Assignment for entity set_instance_assignment -name INPUT_TERMINATION "PARALLEL 50 OHM WITH CALIBRATION" -to HPS_DDR3_DQ[30] -entity DE1_SoC was ignored
    Warning (20014): Assignment for entity set_instance_assignment -name INPUT_TERMINATION "PARALLEL 50 OHM WITH CALIBRATION" -to HPS_DDR3_DQ[31] -entity DE1_SoC was ignored
    Warning (20014): Assignment for entity set_instance_assignment -name INPUT_TERMINATION "PARALLEL 50 OHM WITH CALIBRATION" -to HPS_DDR3_DQ[3] -entity DE1_SoC was ignored
    Warning (20014): Assignment for entity set_instance_assignment -name INPUT_TERMINATION "PARALLEL 50 OHM WITH CALIBRATION" -to HPS_DDR3_DQ[4] -entity DE1_SoC was ignored
    Warning (20014): Assignment for entity set_instance_assignment -name INPUT_TERMINATION "PARALLEL 50 OHM WITH CALIBRATION" -to HPS_DDR3_DQ[5] -entity DE1_SoC was ignored
    Warning (20014): Assignment for entity set_instance_assignment -name INPUT_TERMINATION "PARALLEL 50 OHM WITH CALIBRATION" -to HPS_DDR3_DQ[6] -entity DE1_SoC was ignored
    Warning (20014): Assignment for entity set_instance_assignment -name INPUT_TERMINATION "PARALLEL 50 OHM WITH CALIBRATION" -to HPS_DDR3_DQ[7] -entity DE1_SoC was ignored
    Warning (20014): Assignment for entity set_instance_assignment -name INPUT_TERMINATION "PARALLEL 50 OHM WITH CALIBRATION" -to HPS_DDR3_DQ[8] -entity DE1_SoC was ignored
    Warning (20014): Assignment for entity set_instance_assignment -name INPUT_TERMINATION "PARALLEL 50 OHM WITH CALIBRATION" -to HPS_DDR3_DQ[9] -entity DE1_SoC was ignored
    Warning (20014): Assignment for entity set_instance_assignment -name OUTPUT_TERMINATION "SERIES 50 OHM WITHOUT CALIBRATION" -to HPS_DDR3_CK_N -entity DE1_SoC was ignored
    Warning (20014): Assignment for entity set_instance_assignment -name OUTPUT_TERMINATION "SERIES 50 OHM WITHOUT CALIBRATION" -to HPS_DDR3_CK_P -entity DE1_SoC was ignored
    Warning (20014): Assignment for entity set_instance_assignment -name OUTPUT_TERMINATION "SERIES 50 OHM WITH CALIBRATION" -to HPS_DDR3_DM[0] -entity DE1_SoC was ignored
    Warning (20014): Assignment for entity set_instance_assignment -name OUTPUT_TERMINATION "SERIES 50 OHM WITH CALIBRATION" -to HPS_DDR3_DM[1] -entity DE1_SoC was ignored
    Warning (20014): Assignment for entity set_instance_assignment -name OUTPUT_TERMINATION "SERIES 50 OHM WITH CALIBRATION" -to HPS_DDR3_DM[2] -entity DE1_SoC was ignored
    Warning (20014): Assignment for entity set_instance_assignment -name OUTPUT_TERMINATION "SERIES 50 OHM WITH CALIBRATION" -to HPS_DDR3_DM[3] -entity DE1_SoC was ignored
    Warning (20014): Assignment for entity set_instance_assignment -name OUTPUT_TERMINATION "SERIES 50 OHM WITH CALIBRATION" -to HPS_DDR3_DQS_N[0] -entity DE1_SoC was ignored
    Warning (20014): Assignment for entity set_instance_assignment -name OUTPUT_TERMINATION "SERIES 50 OHM WITH CALIBRATION" -to HPS_DDR3_DQS_N[1] -entity DE1_SoC was ignored
    Warning (20014): Assignment for entity set_instance_assignment -name OUTPUT_TERMINATION "SERIES 50 OHM WITH CALIBRATION" -to HPS_DDR3_DQS_N[2] -entity DE1_SoC was ignored
    Warning (20014): Assignment for entity set_instance_assignment -name OUTPUT_TERMINATION "SERIES 50 OHM WITH CALIBRATION" -to HPS_DDR3_DQS_N[3] -entity DE1_SoC was ignored
    Warning (20014): Assignment for entity set_instance_assignment -name OUTPUT_TERMINATION "SERIES 50 OHM WITH CALIBRATION" -to HPS_DDR3_DQS_P[0] -entity DE1_SoC was ignored
    Warning (20014): Assignment for entity set_instance_assignment -name OUTPUT_TERMINATION "SERIES 50 OHM WITH CALIBRATION" -to HPS_DDR3_DQS_P[1] -entity DE1_SoC was ignored
    Warning (20014): Assignment for entity set_instance_assignment -name OUTPUT_TERMINATION "SERIES 50 OHM WITH CALIBRATION" -to HPS_DDR3_DQS_P[2] -entity DE1_SoC was ignored
    Warning (20014): Assignment for entity set_instance_assignment -name OUTPUT_TERMINATION "SERIES 50 OHM WITH CALIBRATION" -to HPS_DDR3_DQS_P[3] -entity DE1_SoC was ignored
    Warning (20014): Assignment for entity set_instance_assignment -name OUTPUT_TERMINATION "SERIES 50 OHM WITH CALIBRATION" -to HPS_DDR3_DQ[0] -entity DE1_SoC was ignored
    Warning (20014): Assignment for entity set_instance_assignment -name OUTPUT_TERMINATION "SERIES 50 OHM WITH CALIBRATION" -to HPS_DDR3_DQ[10] -entity DE1_SoC was ignored
    Warning (20014): Assignment for entity set_instance_assignment -name OUTPUT_TERMINATION "SERIES 50 OHM WITH CALIBRATION" -to HPS_DDR3_DQ[11] -entity DE1_SoC was ignored
    Warning (20014): Assignment for entity set_instance_assignment -name OUTPUT_TERMINATION "SERIES 50 OHM WITH CALIBRATION" -to HPS_DDR3_DQ[12] -entity DE1_SoC was ignored
    Warning (20014): Assignment for entity set_instance_assignment -name OUTPUT_TERMINATION "SERIES 50 OHM WITH CALIBRATION" -to HPS_DDR3_DQ[13] -entity DE1_SoC was ignored
    Warning (20014): Assignment for entity set_instance_assignment -name OUTPUT_TERMINATION "SERIES 50 OHM WITH CALIBRATION" -to HPS_DDR3_DQ[14] -entity DE1_SoC was ignored
    Warning (20014): Assignment for entity set_instance_assignment -name OUTPUT_TERMINATION "SERIES 50 OHM WITH CALIBRATION" -to HPS_DDR3_DQ[15] -entity DE1_SoC was ignored
    Warning (20014): Assignment for entity set_instance_assignment -name OUTPUT_TERMINATION "SERIES 50 OHM WITH CALIBRATION" -to HPS_DDR3_DQ[16] -entity DE1_SoC was ignored
    Warning (20014): Assignment for entity set_instance_assignment -name OUTPUT_TERMINATION "SERIES 50 OHM WITH CALIBRATION" -to HPS_DDR3_DQ[17] -entity DE1_SoC was ignored
    Warning (20014): Assignment for entity set_instance_assignment -name OUTPUT_TERMINATION "SERIES 50 OHM WITH CALIBRATION" -to HPS_DDR3_DQ[18] -entity DE1_SoC was ignored
    Warning (20014): Assignment for entity set_instance_assignment -name OUTPUT_TERMINATION "SERIES 50 OHM WITH CALIBRATION" -to HPS_DDR3_DQ[19] -entity DE1_SoC was ignored
    Warning (20014): Assignment for entity set_instance_assignment -name OUTPUT_TERMINATION "SERIES 50 OHM WITH CALIBRATION" -to HPS_DDR3_DQ[1] -entity DE1_SoC was ignored
    Warning (20014): Assignment for entity set_instance_assignment -name OUTPUT_TERMINATION "SERIES 50 OHM WITH CALIBRATION" -to HPS_DDR3_DQ[20] -entity DE1_SoC was ignored
    Warning (20014): Assignment for entity set_instance_assignment -name OUTPUT_TERMINATION "SERIES 50 OHM WITH CALIBRATION" -to HPS_DDR3_DQ[21] -entity DE1_SoC was ignored
    Warning (20014): Assignment for entity set_instance_assignment -name OUTPUT_TERMINATION "SERIES 50 OHM WITH CALIBRATION" -to HPS_DDR3_DQ[22] -entity DE1_SoC was ignored
    Warning (20014): Assignment for entity set_instance_assignment -name OUTPUT_TERMINATION "SERIES 50 OHM WITH CALIBRATION" -to HPS_DDR3_DQ[23] -entity DE1_SoC was ignored
    Warning (20014): Assignment for entity set_instance_assignment -name OUTPUT_TERMINATION "SERIES 50 OHM WITH CALIBRATION" -to HPS_DDR3_DQ[24] -entity DE1_SoC was ignored
    Warning (20014): Assignment for entity set_instance_assignment -name OUTPUT_TERMINATION "SERIES 50 OHM WITH CALIBRATION" -to HPS_DDR3_DQ[25] -entity DE1_SoC was ignored
    Warning (20014): Assignment for entity set_instance_assignment -name OUTPUT_TERMINATION "SERIES 50 OHM WITH CALIBRATION" -to HPS_DDR3_DQ[26] -entity DE1_SoC was ignored
    Warning (20014): Assignment for entity set_instance_assignment -name OUTPUT_TERMINATION "SERIES 50 OHM WITH CALIBRATION" -to HPS_DDR3_DQ[27] -entity DE1_SoC was ignored
    Warning (20014): Assignment for entity set_instance_assignment -name OUTPUT_TERMINATION "SERIES 50 OHM WITH CALIBRATION" -to HPS_DDR3_DQ[28] -entity DE1_SoC was ignored
    Warning (20014): Assignment for entity set_instance_assignment -name OUTPUT_TERMINATION "SERIES 50 OHM WITH CALIBRATION" -to HPS_DDR3_DQ[29] -entity DE1_SoC was ignored
    Warning (20014): Assignment for entity set_instance_assignment -name OUTPUT_TERMINATION "SERIES 50 OHM WITH CALIBRATION" -to HPS_DDR3_DQ[2] -entity DE1_SoC was ignored
    Warning (20014): Assignment for entity set_instance_assignment -name OUTPUT_TERMINATION "SERIES 50 OHM WITH CALIBRATION" -to HPS_DDR3_DQ[30] -entity DE1_SoC was ignored
    Warning (20014): Assignment for entity set_instance_assignment -name OUTPUT_TERMINATION "SERIES 50 OHM WITH CALIBRATION" -to HPS_DDR3_DQ[31] -entity DE1_SoC was ignored
    Warning (20014): Assignment for entity set_instance_assignment -name OUTPUT_TERMINATION "SERIES 50 OHM WITH CALIBRATION" -to HPS_DDR3_DQ[3] -entity DE1_SoC was ignored
    Warning (20014): Assignment for entity set_instance_assignment -name OUTPUT_TERMINATION "SERIES 50 OHM WITH CALIBRATION" -to HPS_DDR3_DQ[4] -entity DE1_SoC was ignored
    Warning (20014): Assignment for entity set_instance_assignment -name OUTPUT_TERMINATION "SERIES 50 OHM WITH CALIBRATION" -to HPS_DDR3_DQ[5] -entity DE1_SoC was ignored
    Warning (20014): Assignment for entity set_instance_assignment -name OUTPUT_TERMINATION "SERIES 50 OHM WITH CALIBRATION" -to HPS_DDR3_DQ[6] -entity DE1_SoC was ignored
    Warning (20014): Assignment for entity set_instance_assignment -name OUTPUT_TERMINATION "SERIES 50 OHM WITH CALIBRATION" -to HPS_DDR3_DQ[7] -entity DE1_SoC was ignored
    Warning (20014): Assignment for entity set_instance_assignment -name OUTPUT_TERMINATION "SERIES 50 OHM WITH CALIBRATION" -to HPS_DDR3_DQ[8] -entity DE1_SoC was ignored
    Warning (20014): Assignment for entity set_instance_assignment -name OUTPUT_TERMINATION "SERIES 50 OHM WITH CALIBRATION" -to HPS_DDR3_DQ[9] -entity DE1_SoC was ignored
    Warning (20014): Assignment for entity set_instance_assignment -name D5_DELAY 2 -to HPS_DDR3_CK_N -entity DE1_SoC was ignored
    Warning (20014): Assignment for entity set_instance_assignment -name D5_DELAY 2 -to HPS_DDR3_CK_P -entity DE1_SoC was ignored
Info (144001): Generated suppressed messages file C:/Users/sirep/OneDrive/Desktop/2026/3tb4/lab/Lab/3tb4/lab5/output_files/lab5.map.smsg
Info (16010): Generating hard_block partition "hard_block:auto_generated_inst"
    Info (16011): Adding 0 node(s), including 0 DDIO, 0 PLL, 0 transceiver and 0 LCELL
Warning (21074): Design contains 21 input pin(s) that do not drive logic
    Warning (15610): No output dependent on input pin "reset_n" File: C:/Users/sirep/OneDrive/Desktop/2026/3tb4/lab/Lab/3tb4/lab5/datapath.v Line: 1
    Warning (15610): No output dependent on input pin "write_reg_file" File: C:/Users/sirep/OneDrive/Desktop/2026/3tb4/lab/Lab/3tb4/lab5/datapath.v Line: 3
    Warning (15610): No output dependent on input pin "result_mux_select" File: C:/Users/sirep/OneDrive/Desktop/2026/3tb4/lab/Lab/3tb4/lab5/datapath.v Line: 3
    Warning (15610): No output dependent on input pin "op1_mux_select[0]" File: C:/Users/sirep/OneDrive/Desktop/2026/3tb4/lab/Lab/3tb4/lab5/datapath.v Line: 4
    Warning (15610): No output dependent on input pin "op1_mux_select[1]" File: C:/Users/sirep/OneDrive/Desktop/2026/3tb4/lab/Lab/3tb4/lab5/datapath.v Line: 4
    Warning (15610): No output dependent on input pin "op2_mux_select[0]" File: C:/Users/sirep/OneDrive/Desktop/2026/3tb4/lab/Lab/3tb4/lab5/datapath.v Line: 4
    Warning (15610): No output dependent on input pin "op2_mux_select[1]" File: C:/Users/sirep/OneDrive/Desktop/2026/3tb4/lab/Lab/3tb4/lab5/datapath.v Line: 4
    Warning (15610): No output dependent on input pin "start_delay_counter" File: C:/Users/sirep/OneDrive/Desktop/2026/3tb4/lab/Lab/3tb4/lab5/datapath.v Line: 5
    Warning (15610): No output dependent on input pin "enable_delay_counter" File: C:/Users/sirep/OneDrive/Desktop/2026/3tb4/lab/Lab/3tb4/lab5/datapath.v Line: 5
    Warning (15610): No output dependent on input pin "commit_branch" File: C:/Users/sirep/OneDrive/Desktop/2026/3tb4/lab/Lab/3tb4/lab5/datapath.v Line: 6
    Warning (15610): No output dependent on input pin "increment_pc" File: C:/Users/sirep/OneDrive/Desktop/2026/3tb4/lab/Lab/3tb4/lab5/datapath.v Line: 6
    Warning (15610): No output dependent on input pin "alu_add_sub" File: C:/Users/sirep/OneDrive/Desktop/2026/3tb4/lab/Lab/3tb4/lab5/datapath.v Line: 7
    Warning (15610): No output dependent on input pin "alu_set_low" File: C:/Users/sirep/OneDrive/Desktop/2026/3tb4/lab/Lab/3tb4/lab5/datapath.v Line: 7
    Warning (15610): No output dependent on input pin "alu_set_high" File: C:/Users/sirep/OneDrive/Desktop/2026/3tb4/lab/Lab/3tb4/lab5/datapath.v Line: 7
    Warning (15610): No output dependent on input pin "load_temp" File: C:/Users/sirep/OneDrive/Desktop/2026/3tb4/lab/Lab/3tb4/lab5/datapath.v Line: 8
    Warning (15610): No output dependent on input pin "increment_temp" File: C:/Users/sirep/OneDrive/Desktop/2026/3tb4/lab/Lab/3tb4/lab5/datapath.v Line: 8
    Warning (15610): No output dependent on input pin "decrement_temp" File: C:/Users/sirep/OneDrive/Desktop/2026/3tb4/lab/Lab/3tb4/lab5/datapath.v Line: 8
    Warning (15610): No output dependent on input pin "select_immediate[0]" File: C:/Users/sirep/OneDrive/Desktop/2026/3tb4/lab/Lab/3tb4/lab5/datapath.v Line: 9
    Warning (15610): No output dependent on input pin "select_immediate[1]" File: C:/Users/sirep/OneDrive/Desktop/2026/3tb4/lab/Lab/3tb4/lab5/datapath.v Line: 9
    Warning (15610): No output dependent on input pin "select_write_address[0]" File: C:/Users/sirep/OneDrive/Desktop/2026/3tb4/lab/Lab/3tb4/lab5/datapath.v Line: 10
    Warning (15610): No output dependent on input pin "select_write_address[1]" File: C:/Users/sirep/OneDrive/Desktop/2026/3tb4/lab/Lab/3tb4/lab5/datapath.v Line: 10
Info (21057): Implemented 63 device resources after synthesis - the final resource count might be different
    Info (21058): Implemented 22 input pins
    Info (21059): Implemented 21 output pins
    Info (21061): Implemented 10 logic cells
    Info (21064): Implemented 10 RAM segments
Info: Quartus Prime Analysis & Synthesis was successful. 0 errors, 654 warnings
    Info: Peak virtual memory: 4894 megabytes
    Info: Processing ended: Mon Mar 23 12:13:41 2026
    Info: Elapsed time: 00:00:06
    Info: Total CPU time (on all processors): 00:00:13


+------------------------------------------+
; Analysis & Synthesis Suppressed Messages ;
+------------------------------------------+
The suppressed messages can be found in C:/Users/sirep/OneDrive/Desktop/2026/3tb4/lab/Lab/3tb4/lab5/output_files/lab5.map.smsg.


